{"train_loss": 0.4465864598751068, "val_loss": 0.3705465495586395, "accuracy": 0.9075, "_timestamp": 1666064893.770525, "_runtime": 42.2299690246582, "_step": 4, "predictions_table": {"_type": "table-file", "sha256": "b5b8d2c7447992d9c04c6400c11fd5424c75ad79331124243a1b13040df92f98", "size": 3455, "artifact_path": "wandb-client-artifact://8jme3dr4pilkyg6x22pmopa45ughvbi458efy2set0xzzuw8nmllbsou2s99y3uxt12m39xfc8px5keewl8brgmxc2ua5iaj58hqo9qzhdgiblc6xwzf30qn38hq62up:latest/predictions_table.table.json", "_latest_artifact_path": "wandb-client-artifact://8jme3dr4pilkyg6x22pmopa45ughvbi458efy2set0xzzuw8nmllbsou2s99y3uxt12m39xfc8px5keewl8brgmxc2ua5iaj58hqo9qzhdgiblc6xwzf30qn38hq62up:latest/predictions_table.table.json", "path": "media/table/predictions_table_4_b5b8d2c7447992d9c04c.table.json", "ncols": 3, "nrows": 200}, "_wandb": {"runtime": 40}}