{"train_loss": 0.6521959900856018, "val_loss": 0.4651618182659149, "accuracy": 0.8985, "_timestamp": 1666072715.029752, "_runtime": 41.48768997192383, "_step": 4, "predictions_table": {"_type": "table-file", "sha256": "610370c3dd5d380c2fd46df225b8b818407ebe7626aebd86a203847c1ccc18d0", "size": 6855, "artifact_path": "wandb-client-artifact://xxyg5xuls5xjl7g7ypme4gnm0gruuf5nug0uz79ohgx505t1ys5bwzvrp50huvtru03sl1ru0o23shv7o7ugqst2k8p5yke1ye3ahp37xohmcw53rwk78s0gcqdp7wdz:latest/predictions_table.table.json", "_latest_artifact_path": "wandb-client-artifact://xxyg5xuls5xjl7g7ypme4gnm0gruuf5nug0uz79ohgx505t1ys5bwzvrp50huvtru03sl1ru0o23shv7o7ugqst2k8p5yke1ye3ahp37xohmcw53rwk78s0gcqdp7wdz:latest/predictions_table.table.json", "path": "media/table/predictions_table_4_610370c3dd5d380c2fd4.table.json", "ncols": 3, "nrows": 400}, "_wandb": {"runtime": 40}}