{"train_loss": 0.038607917726039886, "val_loss": 0.2105067979544401, "accuracy": 0.957, "_timestamp": 1666062683.333239, "_runtime": 106.6954779624939, "_step": 14, "predictions_table": {"_type": "table-file", "sha256": "d652c507ba20f8e8207a344e4c8c116dd071bfa2432caea82e52a61151dd1faa", "size": 3455, "artifact_path": "wandb-client-artifact://14aatzx1k7zhkv0qj3n2db33o60rd1bbge8nstvuxt3vm0zdvgs7npfgulecaj9v0i1064yd6xzl0m06nnnc329kn8v27xdqndgtazmjfcyc1gz0ux6wqm00o68evftf:latest/predictions_table.table.json", "_latest_artifact_path": "wandb-client-artifact://14aatzx1k7zhkv0qj3n2db33o60rd1bbge8nstvuxt3vm0zdvgs7npfgulecaj9v0i1064yd6xzl0m06nnnc329kn8v27xdqndgtazmjfcyc1gz0ux6wqm00o68evftf:latest/predictions_table.table.json", "path": "media/table/predictions_table_14_d652c507ba20f8e8207a.table.json", "ncols": 3, "nrows": 200}, "_wandb": {"runtime": 106}}