{"train_loss": 0.024448411539196968, "val_loss": 0.18796762600541114, "accuracy": 0.947, "_timestamp": 1666064492.3608599, "_runtime": 54.785300970077515, "_step": 4, "predictions_table": {"_type": "table-file", "sha256": "6fd3783ccf75dea088635e447fcfceecffa977dd7f044be9a30e2afe011b9b49", "size": 3455, "artifact_path": "wandb-client-artifact://g03xl55f32yz4fy35t9983gfk40pr9qs4m7hb68pycxap0bd7i8isc5c4u44h0vfsj3ot2tfor36q881b36m22fwrf9esf1coxef4hu1hk8t748lyl6rqtywihbskh1y:latest/predictions_table.table.json", "_latest_artifact_path": "wandb-client-artifact://g03xl55f32yz4fy35t9983gfk40pr9qs4m7hb68pycxap0bd7i8isc5c4u44h0vfsj3ot2tfor36q881b36m22fwrf9esf1coxef4hu1hk8t748lyl6rqtywihbskh1y:latest/predictions_table.table.json", "path": "media/table/predictions_table_4_6fd3783ccf75dea08863.table.json", "ncols": 3, "nrows": 200}, "_wandb": {"runtime": 53}}