{"train_loss": 0.14307133853435516, "val_loss": 0.24291627444326877, "accuracy": 0.927, "_timestamp": 1666071828.448664, "_runtime": 111.4608519077301, "_step": 14, "predictions_table": {"_type": "table-file", "sha256": "381408c90b5c28caad4394774097115e829ef49e5fc165c9dfabbee7824874a7", "size": 5155, "artifact_path": "wandb-client-artifact://1670ub6do329ki1ypxhdghsvw4l8ikpp5dd9zikbn3y1qh1frlomaazk02dxulcexn3ui2h619q7nouwrw13pr2f17a64egp6z5sv7zoonij8gnri3k7c1uci6rv2sin:latest/predictions_table.table.json", "_latest_artifact_path": "wandb-client-artifact://1670ub6do329ki1ypxhdghsvw4l8ikpp5dd9zikbn3y1qh1frlomaazk02dxulcexn3ui2h619q7nouwrw13pr2f17a64egp6z5sv7zoonij8gnri3k7c1uci6rv2sin:latest/predictions_table.table.json", "path": "media/table/predictions_table_14_381408c90b5c28caad43.table.json", "ncols": 3, "nrows": 300}, "_wandb": {"runtime": 110}}