{"train_loss": 0.010179324075579643, "val_loss": 0.2026291087269783, "accuracy": 0.9555, "_timestamp": 1666074698.370472, "_runtime": 114.64792704582214, "_step": 14, "predictions_table": {"_type": "table-file", "sha256": "ba2b1725ad06b882d0b1c5142dedd17b3988d764b59ad2007b68576fdaa5a2cf", "size": 6855, "artifact_path": "wandb-client-artifact://qpelb99zs6765bokf276n6man44pwlf89lif2b26bougykayus3leo46apaj8ef8gmamw5ptl0c1a43knr4k1aaajqr4jjzif794siapfh1o5iu9ia1jkufy88bbpv9f:latest/predictions_table.table.json", "_latest_artifact_path": "wandb-client-artifact://qpelb99zs6765bokf276n6man44pwlf89lif2b26bougykayus3leo46apaj8ef8gmamw5ptl0c1a43knr4k1aaajqr4jjzif794siapfh1o5iu9ia1jkufy88bbpv9f:latest/predictions_table.table.json", "path": "media/table/predictions_table_14_ba2b1725ad06b882d0b1.table.json", "ncols": 3, "nrows": 400}, "_wandb": {"runtime": 113}}