{"train_loss": 0.09439275413751602, "val_loss": 0.1357220124453306, "accuracy": 0.9595, "_timestamp": 1666065351.749114, "_runtime": 73.27441215515137, "_step": 9, "predictions_table": {"_type": "table-file", "sha256": "a272f91669bb5db71b17f892dccea29c07e76fbdd1b09a33c1d6d6502960dee2", "size": 3455, "artifact_path": "wandb-client-artifact://11gvnw93mkfnkzsbls0z7u9kou3pzvjarajagfhujj5tugqyw5lx90i731kuq0u69p0jbo0r0pxrr3inss681dv4ohh2fwne9ewdide3pfgbf1c7ky0eg8c9vp5mcvbe:latest/predictions_table.table.json", "_latest_artifact_path": "wandb-client-artifact://11gvnw93mkfnkzsbls0z7u9kou3pzvjarajagfhujj5tugqyw5lx90i731kuq0u69p0jbo0r0pxrr3inss681dv4ohh2fwne9ewdide3pfgbf1c7ky0eg8c9vp5mcvbe:latest/predictions_table.table.json", "path": "media/table/predictions_table_9_a272f91669bb5db71b17.table.json", "ncols": 3, "nrows": 200}, "_wandb": {"runtime": 72}}