{"train_loss": 0.17152564227581024, "val_loss": 0.18450666224956513, "accuracy": 0.94, "_timestamp": 1666153280.8545349, "_runtime": 72.92380785942078, "_step": 9, "predictions_table": {"_type": "table-file", "sha256": "22ea72d137678a68192726262bcdc52e7647d31c37cc94706ebc732f8e34a439", "size": 4407, "artifact_path": "wandb-client-artifact://3u1nsp1fbd85l5sdffvr5rl7vc5z47ae2yei70j6rjvc9ogarg10ygdnoves7ppv3xmugs0mkluwo5vv57pt20ru8wmxoez42prbitzo4utl0iyp0qyy8iozjcrf73r9:latest/predictions_table.table.json", "_latest_artifact_path": "wandb-client-artifact://3u1nsp1fbd85l5sdffvr5rl7vc5z47ae2yei70j6rjvc9ogarg10ygdnoves7ppv3xmugs0mkluwo5vv57pt20ru8wmxoez42prbitzo4utl0iyp0qyy8iozjcrf73r9:latest/predictions_table.table.json", "path": "media/table/predictions_table_9_22ea72d137678a681927.table.json", "ncols": 3, "nrows": 256}, "_wandb": {"runtime": 71}}