{"train_loss": 0.028928834944963455, "val_loss": 0.18769106417894363, "accuracy": 0.9585, "_timestamp": 1666074575.581441, "_runtime": 115.01050996780396, "_step": 14, "predictions_table": {"_type": "table-file", "sha256": "d175438778a6488f02b2b87195a2e74898549fe4302bcdcf5361167185b38834", "size": 6855, "artifact_path": "wandb-client-artifact://9adg1k4wmdcz4hwnpuggq9rqu59hb0hvyc7lvka37u693a3nbbcfi73dfi1iuwxcq101j2t6esqvtqp1szel0akjx6o8w893bkvczwjo2ceagngmsej1g1g4c72bz7r4:latest/predictions_table.table.json", "_latest_artifact_path": "wandb-client-artifact://9adg1k4wmdcz4hwnpuggq9rqu59hb0hvyc7lvka37u693a3nbbcfi73dfi1iuwxcq101j2t6esqvtqp1szel0akjx6o8w893bkvczwjo2ceagngmsej1g1g4c72bz7r4:latest/predictions_table.table.json", "path": "media/table/predictions_table_14_d175438778a6488f02b2.table.json", "ncols": 3, "nrows": 400}, "_wandb": {"runtime": 113}}