{"train_loss": 0.08805268257856369, "val_loss": 0.16574378721415997, "accuracy": 0.949, "_timestamp": 1666065782.477327, "_runtime": 74.57050800323486, "_step": 9, "predictions_table": {"_type": "table-file", "sha256": "d4b103ccc019a4fae462c59d9e596ca31951b1c193c6a0d28e6beb8495119315", "size": 3455, "artifact_path": "wandb-client-artifact://mpdt4jgx9cizrb0pm560a38pa23ryymssygf327u9xci2uchqege7ixlwx395ddfamv7k1x0d86xq3vdr8l6mk7ntn9nqee8hw0gbtrddedgwk1ao537uxp75aalbru1:latest/predictions_table.table.json", "_latest_artifact_path": "wandb-client-artifact://mpdt4jgx9cizrb0pm560a38pa23ryymssygf327u9xci2uchqege7ixlwx395ddfamv7k1x0d86xq3vdr8l6mk7ntn9nqee8hw0gbtrddedgwk1ao537uxp75aalbru1:latest/predictions_table.table.json", "path": "media/table/predictions_table_9_d4b103ccc019a4fae462.table.json", "ncols": 3, "nrows": 200}, "_wandb": {"runtime": 73}}