{"train_loss": 0.3312564194202423, "val_loss": 0.3643231809139252, "accuracy": 0.907, "_timestamp": 1666068856.8787358, "_runtime": 40.2775616645813, "_step": 4, "predictions_table": {"_type": "table-file", "sha256": "2c235952cfe59763b37760f7aa5f29b732b7db63a24ad41cb473ac52b459e29f", "size": 5155, "artifact_path": "wandb-client-artifact://gjmjig17rwqns5ddsb3x5svdnw8ooiskxuz3iy5mxe6y9zn5elhovwdl9810irr000wy96dtekyn56lnand7478beswwc4bq28jbzgyevbwo9dkvgx2unc9hc4k2kpl4:latest/predictions_table.table.json", "_latest_artifact_path": "wandb-client-artifact://gjmjig17rwqns5ddsb3x5svdnw8ooiskxuz3iy5mxe6y9zn5elhovwdl9810irr000wy96dtekyn56lnand7478beswwc4bq28jbzgyevbwo9dkvgx2unc9hc4k2kpl4:latest/predictions_table.table.json", "path": "media/table/predictions_table_4_2c235952cfe59763b377.table.json", "ncols": 3, "nrows": 300}, "_wandb": {"runtime": 38}}