{"train_loss": 0.2151842713356018, "val_loss": 0.18351450991630555, "accuracy": 0.945, "_timestamp": 1665712150.702731, "_runtime": 79.17322397232056, "_step": 9, "_wandb": {"runtime": 76}}