{"train_loss": 0.24429437518119812, "val_loss": 0.24387694597244264, "accuracy": 0.926, "_timestamp": 1666068000.890856, "_runtime": 106.06818509101868, "_step": 14, "predictions_table": {"_type": "table-file", "sha256": "91d2c670f6be4a4354b1a1757f134e658af2f3a013863d5ad8030c180bc93174", "size": 3455, "artifact_path": "wandb-client-artifact://jhds0eizbrkwifpglvsv0li7q0tfq3ied0o4yqz8vqym2uvu67ggs82r7aa8i245dob9qi01cuutpodr7ztstfcd16ptw2rgx31dkiveskfnrviod78o9w3e7dm8ch7e:latest/predictions_table.table.json", "_latest_artifact_path": "wandb-client-artifact://jhds0eizbrkwifpglvsv0li7q0tfq3ied0o4yqz8vqym2uvu67ggs82r7aa8i245dob9qi01cuutpodr7ztstfcd16ptw2rgx31dkiveskfnrviod78o9w3e7dm8ch7e:latest/predictions_table.table.json", "path": "media/table/predictions_table_14_91d2c670f6be4a4354b1.table.json", "ncols": 3, "nrows": 200}, "_wandb": {"runtime": 104}}