{"train_loss": 0.01591234654188156, "val_loss": 0.15695098284631967, "accuracy": 0.952, "_timestamp": 1666067054.101513, "_runtime": 115.26700401306152, "_step": 14, "predictions_table": {"_type": "table-file", "sha256": "84d3f195362fecb591098a20beb021c45a6d865a79e7d6e9fde641ff967e397d", "size": 3455, "artifact_path": "wandb-client-artifact://fn7hdilu09u734nv71itktebagik6v9zyt9yiwfpgb8gknkivz6bxu5dto4ayiqx0c5yl6ipgtk8yl2awxuq9n6oz5hywvvgld3x37n14ps8kmxqxjshwdydrckmx7m7:latest/predictions_table.table.json", "_latest_artifact_path": "wandb-client-artifact://fn7hdilu09u734nv71itktebagik6v9zyt9yiwfpgb8gknkivz6bxu5dto4ayiqx0c5yl6ipgtk8yl2awxuq9n6oz5hywvvgld3x37n14ps8kmxqxjshwdydrckmx7m7:latest/predictions_table.table.json", "path": "media/table/predictions_table_14_84d3f195362fecb59109.table.json", "ncols": 3, "nrows": 200}, "_wandb": {"runtime": 114}}