{"train_loss": 0.2268143892288208, "val_loss": 0.24970832243561744, "accuracy": 0.928, "_timestamp": 1666062565.526398, "_runtime": 73.50315403938293, "_step": 9, "predictions_table": {"_type": "table-file", "sha256": "727bf85a83051ec8083037502c9ea97e65bcef2efaded80876c71e028dcf252f", "size": 3455, "artifact_path": "wandb-client-artifact://qu4xvbllp9yj3fwyjeq34erfh6kh638xdihchmfz1rmla6qe46a7w0wjv7z22etj6n6nxp8t6zelf4uusvqpxnnxcy0qj8bxn8hi505jhenm6sddpu1g86a5ayn7pqwl:latest/predictions_table.table.json", "_latest_artifact_path": "wandb-client-artifact://qu4xvbllp9yj3fwyjeq34erfh6kh638xdihchmfz1rmla6qe46a7w0wjv7z22etj6n6nxp8t6zelf4uusvqpxnnxcy0qj8bxn8hi505jhenm6sddpu1g86a5ayn7pqwl:latest/predictions_table.table.json", "path": "media/table/predictions_table_9_727bf85a83051ec80830.table.json", "ncols": 3, "nrows": 200}, "_wandb": {"runtime": 72}}