{"train_loss": 0.10967057198286057, "val_loss": 0.18256454803049565, "accuracy": 0.9445, "_timestamp": 1666064546.092535, "_runtime": 41.43294906616211, "_step": 4, "predictions_table": {"_type": "table-file", "sha256": "130ff98f80f682797c199c8db2eed9b72f49f3238d464074d4d71e37a3868bfb", "size": 3455, "artifact_path": "wandb-client-artifact://he86wwgquttwnfwnvqe6vw3cwh5064h2kbhjwmg4tf2in266w05gsrnvowefgcevq6i0chl00sf2jf5gvn68fn1y713ym6okc67b4h2srq5y2q46ojfpujxggytdg4tw:latest/predictions_table.table.json", "_latest_artifact_path": "wandb-client-artifact://he86wwgquttwnfwnvqe6vw3cwh5064h2kbhjwmg4tf2in266w05gsrnvowefgcevq6i0chl00sf2jf5gvn68fn1y713ym6okc67b4h2srq5y2q46ojfpujxggytdg4tw:latest/predictions_table.table.json", "path": "media/table/predictions_table_4_130ff98f80f682797c19.table.json", "ncols": 3, "nrows": 200}, "_wandb": {"runtime": 40}}