{"train_loss": 0.006599870044738054, "val_loss": 0.20211247615516187, "accuracy": 0.9535, "_timestamp": 1666070475.8204422, "_runtime": 122.63074827194214, "_step": 14, "predictions_table": {"_type": "table-file", "sha256": "c021943c529006c222639e6bff90a6d05f69d902813ac0afdfee051056ee1678", "size": 5155, "artifact_path": "wandb-client-artifact://vhzfyuz9j7j3o1r3oei5t1pg72dr8dvyuufc2637bgi6i7q9jrlwrj885sucxggauwiipp3r8cve49j5pz51hokd35uh8tjjj9sbethj66ng59vlgq8iuc4t92py8qq8:latest/predictions_table.table.json", "_latest_artifact_path": "wandb-client-artifact://vhzfyuz9j7j3o1r3oei5t1pg72dr8dvyuufc2637bgi6i7q9jrlwrj885sucxggauwiipp3r8cve49j5pz51hokd35uh8tjjj9sbethj66ng59vlgq8iuc4t92py8qq8:latest/predictions_table.table.json", "path": "media/table/predictions_table_14_c021943c529006c22263.table.json", "ncols": 3, "nrows": 300}, "_wandb": {"runtime": 121}}