{"train_loss": 0.34661588072776794, "val_loss": 0.3094898521900177, "accuracy": 0.916, "_timestamp": 1666073942.721632, "_runtime": 70.29668998718262, "_step": 9, "predictions_table": {"_type": "table-file", "sha256": "07ceaa7f1d5bd6c1d17ff637ee6721e26e190ca9f68af834e0cd459d493e920e", "size": 6855, "artifact_path": "wandb-client-artifact://anw8niby8v0u4x5ia5je05dk20lsd415tezr9jt86bqhe1qpksqzcv553rk43tcdtb9nri6xuh3sfa6dd5e2qc89lebdimrmsw7vkuh4p692dcky2cttc1vj66djoslq:latest/predictions_table.table.json", "_latest_artifact_path": "wandb-client-artifact://anw8niby8v0u4x5ia5je05dk20lsd415tezr9jt86bqhe1qpksqzcv553rk43tcdtb9nri6xuh3sfa6dd5e2qc89lebdimrmsw7vkuh4p692dcky2cttc1vj66djoslq:latest/predictions_table.table.json", "path": "media/table/predictions_table_9_07ceaa7f1d5bd6c1d17f.table.json", "ncols": 3, "nrows": 400}, "_wandb": {"runtime": 69}}