{"train_loss": 0.450568288564682, "val_loss": 0.32431556284427643, "accuracy": 0.9115, "_timestamp": 1666062478.357422, "_runtime": 71.57368016242981, "_step": 9, "predictions_table": {"_type": "table-file", "sha256": "ab5e4957dfc896a98e0ac86b353961b1297d4a0c7daf9c37586ea7a6da6086a0", "size": 3455, "artifact_path": "wandb-client-artifact://5fj8cr7u0qfi8yui3zfbysnzf8xr182bf3z9e9mu0h1slosiayzqc72r0lnn85msqgdr9y25hqqb5pz5gkf6ns1gdat8ig1baatyscg43jmc6bjgmvzizdxlac758gno:latest/predictions_table.table.json", "_latest_artifact_path": "wandb-client-artifact://5fj8cr7u0qfi8yui3zfbysnzf8xr182bf3z9e9mu0h1slosiayzqc72r0lnn85msqgdr9y25hqqb5pz5gkf6ns1gdat8ig1baatyscg43jmc6bjgmvzizdxlac758gno:latest/predictions_table.table.json", "path": "media/table/predictions_table_9_ab5e4957dfc896a98e0a.table.json", "ncols": 3, "nrows": 200}, "_wandb": {"runtime": 70}}