{"train_loss": 0.20977641642093658, "val_loss": 0.19197500310838223, "accuracy": 0.9425, "_timestamp": 1666065689.4989371, "_runtime": 74.04027915000916, "_step": 9, "predictions_table": {"_type": "table-file", "sha256": "03f9879946d00c537d3465c00846b70a4baedc25e4e0b91943dc9e138f5209c4", "size": 3455, "artifact_path": "wandb-client-artifact://ly9zw3wjtci3f5s1f58hxkdfhp59t17v0lk2sggrf7lrbfofmnncx95oe0o1p4j1t32pwy7h0b0uatbrs3x9qp0812cf3c98qwo38m9veoix9q3qe6hifrtuih971c14:latest/predictions_table.table.json", "_latest_artifact_path": "wandb-client-artifact://ly9zw3wjtci3f5s1f58hxkdfhp59t17v0lk2sggrf7lrbfofmnncx95oe0o1p4j1t32pwy7h0b0uatbrs3x9qp0812cf3c98qwo38m9veoix9q3qe6hifrtuih971c14:latest/predictions_table.table.json", "path": "media/table/predictions_table_9_03f9879946d00c537d34.table.json", "ncols": 3, "nrows": 200}, "_wandb": {"runtime": 72}}