{"train_loss": 0.12556017935276031, "val_loss": 0.2524927258491516, "accuracy": 0.929, "_timestamp": 1666065955.41074, "_runtime": 73.22783398628235, "_step": 9, "predictions_table": {"_type": "table-file", "sha256": "904185ef63936413aaf2dc639f858f64055c8a247c0d5693b0105957241b9ecd", "size": 3455, "artifact_path": "wandb-client-artifact://ntmnflea1sgxt3y1omk27bu1j8kgglitohc5hdv8zi884v7sqypnys9x3ggf62d0sxoh93kmrbe2n5n8qwzdoswsfh52xw81jw1gty9i02znq850ti5gga5szlb4ay6i:latest/predictions_table.table.json", "_latest_artifact_path": "wandb-client-artifact://ntmnflea1sgxt3y1omk27bu1j8kgglitohc5hdv8zi884v7sqypnys9x3ggf62d0sxoh93kmrbe2n5n8qwzdoswsfh52xw81jw1gty9i02znq850ti5gga5szlb4ay6i:latest/predictions_table.table.json", "path": "media/table/predictions_table_9_904185ef63936413aaf2.table.json", "ncols": 3, "nrows": 200}, "_wandb": {"runtime": 72}}