{"train_loss": 0.16618451476097107, "val_loss": 0.1973410066217184, "accuracy": 0.9365, "_timestamp": 1666069704.018635, "_runtime": 76.69463992118835, "_step": 9, "predictions_table": {"_type": "table-file", "sha256": "78ef2e0a9a4bc9fc74108fbcaa050687580459d3569046ca06658442fbe2f06d", "size": 5155, "artifact_path": "wandb-client-artifact://19u0jll6korqju2kywi3d8r1fxzygwml59ea6trna9zy29y4trfd8z8d7jrk4j4lkwwiukotcn34119ywm797k568sl8sfxt6t5za4tnj59odmt0hrbfoe9a4wowxwc4:latest/predictions_table.table.json", "_latest_artifact_path": "wandb-client-artifact://19u0jll6korqju2kywi3d8r1fxzygwml59ea6trna9zy29y4trfd8z8d7jrk4j4lkwwiukotcn34119ywm797k568sl8sfxt6t5za4tnj59odmt0hrbfoe9a4wowxwc4:latest/predictions_table.table.json", "path": "media/table/predictions_table_9_78ef2e0a9a4bc9fc7410.table.json", "ncols": 3, "nrows": 300}, "_wandb": {"runtime": 75}}