{"train_loss": 0.23296937346458435, "val_loss": 0.19049983620643615, "accuracy": 0.942, "_timestamp": 1666075400.672333, "_runtime": 120.03345203399658, "_step": 14, "predictions_table": {"_type": "table-file", "sha256": "c7d652b7c3cbd861aface837cb5fcfb76415b3aecb832d3eec5a12124b514591", "size": 6855, "artifact_path": "wandb-client-artifact://rk26l08as38g1df6yrv6u6nm4qf0zs6uo8oqvr9n4jtt9oa2phr2g84enh7rn2yye6g2r1ylc626di6ey99p083fl7l4q2jm77x3g6f1drhg6o2a0llgu2t8tx5mscp4:latest/predictions_table.table.json", "_latest_artifact_path": "wandb-client-artifact://rk26l08as38g1df6yrv6u6nm4qf0zs6uo8oqvr9n4jtt9oa2phr2g84enh7rn2yye6g2r1ylc626di6ey99p083fl7l4q2jm77x3g6f1drhg6o2a0llgu2t8tx5mscp4:latest/predictions_table.table.json", "path": "media/table/predictions_table_14_c7d652b7c3cbd861afac.table.json", "ncols": 3, "nrows": 400}, "_wandb": {"runtime": 118}}