{"train_loss": 0.03887275233864784, "val_loss": 0.16046920847892762, "accuracy": 0.95, "_timestamp": 1665861438.51712, "_runtime": 68.3122169971466, "_step": 8, "_wandb": {"runtime": 75}}