{"train_loss": 0.18350450694561005, "val_loss": 0.2653203457593918, "accuracy": 0.926, "_timestamp": 1666075669.4906461, "_runtime": 125.55133318901062, "_step": 14, "predictions_table": {"_type": "table-file", "sha256": "64655d3b5523d73b6e7086cf4d2a22adc449885e2ae22f5768374f1a8d5e487a", "size": 6855, "artifact_path": "wandb-client-artifact://w5n7cnei8k8ht3hs03rollrogp7fob98qcr28gckcvx85a4gebdnp58zn9ks5lkkqjgklopb8dnk1q3dzk9okwa5wtzq8ttoj1e4cy7wwa7cjtt1f76w7n548asxwooz:latest/predictions_table.table.json", "_latest_artifact_path": "wandb-client-artifact://w5n7cnei8k8ht3hs03rollrogp7fob98qcr28gckcvx85a4gebdnp58zn9ks5lkkqjgklopb8dnk1q3dzk9okwa5wtzq8ttoj1e4cy7wwa7cjtt1f76w7n548asxwooz:latest/predictions_table.table.json", "path": "media/table/predictions_table_14_64655d3b5523d73b6e70.table.json", "ncols": 3, "nrows": 400}, "_wandb": {"runtime": 124}}