{"train_loss": 0.038309574127197266, "val_loss": 0.16219777017831802, "accuracy": 0.9525, "_timestamp": 1666072350.119651, "_runtime": 48.068010091781616, "_step": 4, "predictions_table": {"_type": "table-file", "sha256": "c290ee25f8a54bbf5fef8a8f4eb51fd743842310f53f8567d97fb952b2936f67", "size": 6855, "artifact_path": "wandb-client-artifact://16diymw1ecpzvid6qynfmw2jxg51ml1yhnz1eokaxxl1ah3a36aqk3pgwp8xm398ytta7zrlvwsy3ts70q6i7xhzs7d9bvo8t40dvuyzd3r5a42vehu4lt79dz8mok3l:latest/predictions_table.table.json", "_latest_artifact_path": "wandb-client-artifact://16diymw1ecpzvid6qynfmw2jxg51ml1yhnz1eokaxxl1ah3a36aqk3pgwp8xm398ytta7zrlvwsy3ts70q6i7xhzs7d9bvo8t40dvuyzd3r5a42vehu4lt79dz8mok3l:latest/predictions_table.table.json", "path": "media/table/predictions_table_4_c290ee25f8a54bbf5fef.table.json", "ncols": 3, "nrows": 400}, "_wandb": {"runtime": 46}}