{"train_loss": 0.08570745587348938, "val_loss": 0.1665857597589493, "accuracy": 0.947, "_timestamp": 1665862006.961449, "_runtime": 71.94223189353943, "_step": 9, "predictions_table": {"_type": "table-file", "sha256": "d7e5a4e687b440327e32c8f1381d0bd3b4dadd3108a8d7708508beba59a0525f", "size": 4407, "artifact_path": "wandb-client-artifact://104s4ya2bakthkt1vlx7mrk2i75z9aqpf6gi4cm6k2fq2orhslwsol4dy6uqxmgcg9xx5hgavefomb1bmfppih2ruy12p7taewgs9mvl2m6y9vbzvg5pmlgo9z86vibt:latest/predictions_table.table.json", "_latest_artifact_path": "wandb-client-artifact://104s4ya2bakthkt1vlx7mrk2i75z9aqpf6gi4cm6k2fq2orhslwsol4dy6uqxmgcg9xx5hgavefomb1bmfppih2ruy12p7taewgs9mvl2m6y9vbzvg5pmlgo9z86vibt:latest/predictions_table.table.json", "path": "media/table/predictions_table_9_d7e5a4e687b440327e32.table.json", "ncols": 3, "nrows": 256}, "_wandb": {"runtime": 70}}