{"train_loss": 0.10834343731403351, "val_loss": 0.1733084127306938, "accuracy": 0.9445, "_timestamp": 1666072456.6921751, "_runtime": 41.67223119735718, "_step": 4, "predictions_table": {"_type": "table-file", "sha256": "0a973120d8132ad2dba86c5b3f7b5e5b57d7e13f9970c8d225e0bdef9bc9e68c", "size": 6855, "artifact_path": "wandb-client-artifact://13qqygzj8o6k5wyd7dfepstl107vet8wt0ihi5fd7ul66zndcnooziurohgl3lai556p516of77a4xze7zz8vyvoq2vce3a0w46yc24x2pcsklh4g5dwgyuez7aewl1t:latest/predictions_table.table.json", "_latest_artifact_path": "wandb-client-artifact://13qqygzj8o6k5wyd7dfepstl107vet8wt0ihi5fd7ul66zndcnooziurohgl3lai556p516of77a4xze7zz8vyvoq2vce3a0w46yc24x2pcsklh4g5dwgyuez7aewl1t:latest/predictions_table.table.json", "path": "media/table/predictions_table_4_0a973120d8132ad2dba8.table.json", "ncols": 3, "nrows": 400}, "_wandb": {"runtime": 40}}