{"train_loss": 0.14092512428760529, "val_loss": 0.1793293073773384, "accuracy": 0.947, "_timestamp": 1666064595.95218, "_runtime": 39.863696813583374, "_step": 4, "predictions_table": {"_type": "table-file", "sha256": "a706cb9634440eca6483c1852f6725013127ec89fe19857c3ba7173f00c1356e", "size": 3455, "artifact_path": "wandb-client-artifact://g43zgn8eic2jwveo9xodclfdhhl0fjd0obf4mlrkmp2xpta11vwy6dmpkwi5z1gwi8f199aflf2ytorltfutz0aycyzfb8317zx2qr8p8gflmcfnkp2sw0a1knlg4ymm:latest/predictions_table.table.json", "_latest_artifact_path": "wandb-client-artifact://g43zgn8eic2jwveo9xodclfdhhl0fjd0obf4mlrkmp2xpta11vwy6dmpkwi5z1gwi8f199aflf2ytorltfutz0aycyzfb8317zx2qr8p8gflmcfnkp2sw0a1knlg4ymm:latest/predictions_table.table.json", "path": "media/table/predictions_table_4_a706cb9634440eca6483.table.json", "ncols": 3, "nrows": 200}, "_wandb": {"runtime": 38}}