{"train_loss": 0.008655240759253502, "val_loss": 0.16923669278621672, "accuracy": 0.9575, "_timestamp": 1666065178.372851, "_runtime": 83.70708894729614, "_step": 9, "predictions_table": {"_type": "table-file", "sha256": "9b865bfe2d927d873ad9254278977602cc51a63b230923561785c99f89d3c911", "size": 3455, "artifact_path": "wandb-client-artifact://12xq0spbc30ljf2dm2hde84g9pq9l9uersahffk911ro5dqt6wwxdoct2mxg4h3w73u0j6cvksrec65ri182p22wslxf4kugn2ls3itf55m3mx2liabvhudwf0g9dna1:latest/predictions_table.table.json", "_latest_artifact_path": "wandb-client-artifact://12xq0spbc30ljf2dm2hde84g9pq9l9uersahffk911ro5dqt6wwxdoct2mxg4h3w73u0j6cvksrec65ri182p22wslxf4kugn2ls3itf55m3mx2liabvhudwf0g9dna1:latest/predictions_table.table.json", "path": "media/table/predictions_table_9_9b865bfe2d927d873ad9.table.json", "ncols": 3, "nrows": 200}, "_wandb": {"runtime": 82}}