{"train_loss": 0.0628974512219429, "val_loss": 0.17253997623920442, "accuracy": 0.95, "_timestamp": 1666068580.730036, "_runtime": 55.16240406036377, "_step": 4, "predictions_table": {"_type": "table-file", "sha256": "b6fdc376e2f365d05b11bba3bf95bac568c0fd9ae77b367eb590b8446c59c7f2", "size": 5155, "artifact_path": "wandb-client-artifact://f11h34w1u69fdkk6efwlu9wpaih69ea3bdzv411leclmlirshi0khgfknfq2w7ecpn29mzz07q9ojmaq123wq5ea0vyoot78f4wccuz4xxdvn2chcf0biwwn84kmeji1:latest/predictions_table.table.json", "_latest_artifact_path": "wandb-client-artifact://f11h34w1u69fdkk6efwlu9wpaih69ea3bdzv411leclmlirshi0khgfknfq2w7ecpn29mzz07q9ojmaq123wq5ea0vyoot78f4wccuz4xxdvn2chcf0biwwn84kmeji1:latest/predictions_table.table.json", "path": "media/table/predictions_table_4_b6fdc376e2f365d05b11.table.json", "ncols": 3, "nrows": 300}, "_wandb": {"runtime": 53}}