{"train_loss": 0.4006778597831726, "val_loss": 0.19585047736763955, "accuracy": 0.9415, "_timestamp": 1666153754.653697, "_runtime": 43.58582806587219, "_step": 4, "predictions_table": {"_type": "table-file", "sha256": "23439951c63707520eb5c02b6bf37eddf0cafbf6bc61d6f5253d51637c614e8d", "size": 3455, "artifact_path": "wandb-client-artifact://185obhs34dpqdm7su94l1xp1i6qw3bff03bzjifermexrhaliwblinbic9pw3vw4owfhm8tkelytb4uptbl61n0tb9cdynccvj90pphy7azd7na0jl55plckbb8fxtkt:latest/predictions_table.table.json", "_latest_artifact_path": "wandb-client-artifact://185obhs34dpqdm7su94l1xp1i6qw3bff03bzjifermexrhaliwblinbic9pw3vw4owfhm8tkelytb4uptbl61n0tb9cdynccvj90pphy7azd7na0jl55plckbb8fxtkt:latest/predictions_table.table.json", "path": "media/table/predictions_table_4_23439951c63707520eb5.table.json", "ncols": 3, "nrows": 200}, "_wandb": {"runtime": 42}}