{"train_loss": 0.11492595821619034, "val_loss": 0.16593133695423604, "accuracy": 0.951, "_timestamp": 1666064737.091038, "_runtime": 41.31633806228638, "_step": 4, "predictions_table": {"_type": "table-file", "sha256": "3b5794cdc38ac083b399ad19c21c7e33ecbe42f7317d888223244ef1b9f29762", "size": 3455, "artifact_path": "wandb-client-artifact://rfpp91ddci6sov5io9auath70wvlc9qzgu8h4q3kjj3i9v59t2v5a6n643pqvlzzqtb4628vex7kcyyjb4tr6fc6bzlgqfz5ndkw5jz6ahby6e6rizwv57pzqebigc7f:latest/predictions_table.table.json", "_latest_artifact_path": "wandb-client-artifact://rfpp91ddci6sov5io9auath70wvlc9qzgu8h4q3kjj3i9v59t2v5a6n643pqvlzzqtb4628vex7kcyyjb4tr6fc6bzlgqfz5ndkw5jz6ahby6e6rizwv57pzqebigc7f:latest/predictions_table.table.json", "path": "media/table/predictions_table_4_3b5794cdc38ac083b399.table.json", "ncols": 3, "nrows": 200}, "_wandb": {"runtime": 39}}