{"train_loss": 0.07966698706150055, "val_loss": 0.17051962316036223, "accuracy": 0.954, "_timestamp": 1666073161.214008, "_runtime": 82.9550461769104, "_step": 9, "predictions_table": {"_type": "table-file", "sha256": "802166b104918ad280686e8478f6c400802c262fec43efdf96e960c483cf2c17", "size": 6855, "artifact_path": "wandb-client-artifact://ijn5uyz8hds4xqi4jr2xm2hsifsgo9l9v8mn4sz8qcqekm74ul8s3u75tfh527a0vwenbsauahjh6bbrlatyjtg1djd9tbixpqd1qzrchi5s4mc0omn04af7k93xxn1q:latest/predictions_table.table.json", "_latest_artifact_path": "wandb-client-artifact://ijn5uyz8hds4xqi4jr2xm2hsifsgo9l9v8mn4sz8qcqekm74ul8s3u75tfh527a0vwenbsauahjh6bbrlatyjtg1djd9tbixpqd1qzrchi5s4mc0omn04af7k93xxn1q:latest/predictions_table.table.json", "path": "media/table/predictions_table_9_802166b104918ad28068.table.json", "ncols": 3, "nrows": 400}, "_wandb": {"runtime": 81}}