{"train_loss": 0.08361753821372986, "val_loss": 0.1778422575443983, "accuracy": 0.945, "_timestamp": 1666153865.327591, "_runtime": 44.20369291305542, "_step": 4, "predictions_table": {"_type": "table-file", "sha256": "277fd1cedd5a46619a3f3f93bd45c783945d3e97f6c550920baf6be9e75c750b", "size": 3455, "artifact_path": "wandb-client-artifact://11loi1387ucmulo950d6yoz0l1nwole239dc8twt9d6pog4dpfcu114fgvrlghpuxgyak59d9szf8n8r45g22w3ih8figu3mec80e9mk8ovo1i8663x58aso6r6nt8a8:latest/predictions_table.table.json", "_latest_artifact_path": "wandb-client-artifact://11loi1387ucmulo950d6yoz0l1nwole239dc8twt9d6pog4dpfcu114fgvrlghpuxgyak59d9szf8n8r45g22w3ih8figu3mec80e9mk8ovo1i8663x58aso6r6nt8a8:latest/predictions_table.table.json", "path": "media/table/predictions_table_4_277fd1cedd5a46619a3f.table.json", "ncols": 3, "nrows": 200}, "_wandb": {"runtime": 97}}