{"train_loss": 0.22267049551010132, "val_loss": 0.2993690997362137, "accuracy": 0.917, "_timestamp": 1666073859.388574, "_runtime": 73.96996879577637, "_step": 9, "predictions_table": {"_type": "table-file", "sha256": "25fb25cb28410f5cc3d2b7fa443e5b454439d282d2d8b11f9c4fd42fff6b0563", "size": 6855, "artifact_path": "wandb-client-artifact://ripq23jx5erhbfv6fu8airnsaw6xzkk4jb8k54n8459ap37uloen1hk2i3k5u1yom9e89se57ibyiqswynwvcbay7zcu5kn8fbu0918buh0z3p4fdlvuitr3rvouhgwl:latest/predictions_table.table.json", "_latest_artifact_path": "wandb-client-artifact://ripq23jx5erhbfv6fu8airnsaw6xzkk4jb8k54n8459ap37uloen1hk2i3k5u1yom9e89se57ibyiqswynwvcbay7zcu5kn8fbu0918buh0z3p4fdlvuitr3rvouhgwl:latest/predictions_table.table.json", "path": "media/table/predictions_table_9_25fb25cb28410f5cc3d2.table.json", "ncols": 3, "nrows": 400}, "_wandb": {"runtime": 73}}