{"train_loss": 0.016274169087409973, "val_loss": 0.20789729803800583, "accuracy": 0.9585, "_timestamp": 1666074321.523073, "_runtime": 111.89680886268616, "_step": 14, "predictions_table": {"_type": "table-file", "sha256": "3f95c2a6b4ef102d283413b71f6f9d81be2c2d5645b444390c1ec815e9690b6b", "size": 6855, "artifact_path": "wandb-client-artifact://jj0n6m9o4g7hqcne2tpxhvp22f2mq00vqg5do0vupzh30rurjpw1j6l1ofhv2ai4yhqdgnd175stitngirvdwn8qqg8omu82do62vf5z1hspuxutttx7knd2lej23fej:latest/predictions_table.table.json", "_latest_artifact_path": "wandb-client-artifact://jj0n6m9o4g7hqcne2tpxhvp22f2mq00vqg5do0vupzh30rurjpw1j6l1ofhv2ai4yhqdgnd175stitngirvdwn8qqg8omu82do62vf5z1hspuxutttx7knd2lej23fej:latest/predictions_table.table.json", "path": "media/table/predictions_table_14_3f95c2a6b4ef102d2834.table.json", "ncols": 3, "nrows": 400}, "_wandb": {"runtime": 111}}