{"train_loss": 0.07787571102380753, "val_loss": 0.1548171103000641, "accuracy": 0.9535, "_timestamp": 1666074927.7337139, "_runtime": 102.13191986083984, "_step": 14, "predictions_table": {"_type": "table-file", "sha256": "58379e2ac257a851e4053a0cd9fc2d54c7f675af6c2740ad0126addb0f987832", "size": 6855, "artifact_path": "wandb-client-artifact://e4bjfoh8h3eu2p2qw8dslzxqon8yar29hcj8nhnuc506fyx1il03xkvvylmnx6pfcl9qpnn6fnk6j30ol37s11ju1tenqjyquuf61bdfdf3drzan3sl7ceyiiiqsmue2:latest/predictions_table.table.json", "_latest_artifact_path": "wandb-client-artifact://e4bjfoh8h3eu2p2qw8dslzxqon8yar29hcj8nhnuc506fyx1il03xkvvylmnx6pfcl9qpnn6fnk6j30ol37s11ju1tenqjyquuf61bdfdf3drzan3sl7ceyiiiqsmue2:latest/predictions_table.table.json", "path": "media/table/predictions_table_14_58379e2ac257a851e405.table.json", "ncols": 3, "nrows": 400}, "_wandb": {"runtime": 101}}