{"train_loss": 0.219667449593544, "val_loss": 0.3176653370261192, "accuracy": 0.9205, "_timestamp": 1666064944.528393, "_runtime": 43.417678117752075, "_step": 4, "predictions_table": {"_type": "table-file", "sha256": "985334d504b8306080d9af39a528fdc657e776725b8e9a0baf89872c68a744b8", "size": 3455, "artifact_path": "wandb-client-artifact://nqjt2dr7k7ed8tmn5zolt6ofq04xfrsz85rxqqi3f1xol1c74lmrs69kmqbuf44yortlg6fqkvhod0thx4s1p78nhl0gaytke3oti63nnjioin4xdwikskchyuz8c8rp:latest/predictions_table.table.json", "_latest_artifact_path": "wandb-client-artifact://nqjt2dr7k7ed8tmn5zolt6ofq04xfrsz85rxqqi3f1xol1c74lmrs69kmqbuf44yortlg6fqkvhod0thx4s1p78nhl0gaytke3oti63nnjioin4xdwikskchyuz8c8rp:latest/predictions_table.table.json", "path": "media/table/predictions_table_4_985334d504b8306080d9.table.json", "ncols": 3, "nrows": 200}, "_wandb": {"runtime": 42}}