{"train_loss": 0.24064579606056213, "val_loss": 0.2949404627084732, "accuracy": 0.922, "_timestamp": 1666074105.079649, "_runtime": 74.10387706756592, "_step": 9, "predictions_table": {"_type": "table-file", "sha256": "f736c2998af016d001f8bd33b04b9780d60c9d4c0d347ec014128d9b754fc760", "size": 6855, "artifact_path": "wandb-client-artifact://15z3z9cbsa4d091w7kfclmnu7igmkyfu0hknkirfvti2izqwpku52sylfjd8z5txulka9f5zp0sekmr36i2xghglocpimt0lyja3fodl7vb6vakb8187tgmbbfe81mwj:latest/predictions_table.table.json", "_latest_artifact_path": "wandb-client-artifact://15z3z9cbsa4d091w7kfclmnu7igmkyfu0hknkirfvti2izqwpku52sylfjd8z5txulka9f5zp0sekmr36i2xghglocpimt0lyja3fodl7vb6vakb8187tgmbbfe81mwj:latest/predictions_table.table.json", "path": "media/table/predictions_table_9_f736c2998af016d001f8.table.json", "ncols": 3, "nrows": 400}, "_wandb": {"runtime": 72}}