{"train_loss": 0.07794829457998276, "val_loss": 0.14553635194897652, "accuracy": 0.961, "_timestamp": 1666062926.7952378, "_runtime": 110.76406574249268, "_step": 14, "predictions_table": {"_type": "table-file", "sha256": "1e9472d0c3f76744c307fbadd475debbe974e85d9a127c1baef58b587e12443f", "size": 3455, "artifact_path": "wandb-client-artifact://86s03u1vsnis9hlfg6cpu7tstval52l21ug0cmbqx1zedx7936qtkzjmcg9tcm8j699ahyjf0n96xg83za76ojg4vykrk5pas9awpi73gd8qndlcb6az5117nvrde31x:latest/predictions_table.table.json", "_latest_artifact_path": "wandb-client-artifact://86s03u1vsnis9hlfg6cpu7tstval52l21ug0cmbqx1zedx7936qtkzjmcg9tcm8j699ahyjf0n96xg83za76ojg4vykrk5pas9awpi73gd8qndlcb6az5117nvrde31x:latest/predictions_table.table.json", "path": "media/table/predictions_table_14_1e9472d0c3f76744c307.table.json", "ncols": 3, "nrows": 200}, "_wandb": {"runtime": 109}}