{"train_loss": 0.05485641583800316, "val_loss": 0.1439689390361309, "accuracy": 0.955, "_timestamp": 1666061783.4487932, "_runtime": 80.98635220527649, "_step": 9, "predictions_table": {"_type": "table-file", "sha256": "860990c4eec9575122bc940f6f97688f5a24e7bbd6d0442a42e67ac4bc8ad6c1", "size": 3455, "artifact_path": "wandb-client-artifact://15vy67z73nw3sg8l6huvupwll9yhzdqtck8ajg6c636m0kh1tbzrv0oilb4r0x8p3hb20rnxyxeo7voffzgz7vhlqrhdq298h43xhlmf3n9ycip5y0mcb0n3hc8nlgqj:latest/predictions_table.table.json", "_latest_artifact_path": "wandb-client-artifact://15vy67z73nw3sg8l6huvupwll9yhzdqtck8ajg6c636m0kh1tbzrv0oilb4r0x8p3hb20rnxyxeo7voffzgz7vhlqrhdq298h43xhlmf3n9ycip5y0mcb0n3hc8nlgqj:latest/predictions_table.table.json", "path": "media/table/predictions_table_9_860990c4eec9575122bc.table.json", "ncols": 3, "nrows": 200}, "_wandb": {"runtime": 80}}