{"train_loss": 0.24611137807369232, "val_loss": 0.24608310796320437, "accuracy": 0.927, "_timestamp": 1666072064.700942, "_runtime": 110.95589709281921, "_step": 14, "predictions_table": {"_type": "table-file", "sha256": "8630c80e79f85ec378ea03efb9ea46b7d9b2143060db7a0faf1ab5cc933e40a4", "size": 5155, "artifact_path": "wandb-client-artifact://bbnls4vxfrk184wcul3v319lc5lf1ydpufpxf7zm8kglh79yb0o30bc51uqkm85ai52muylwwm1dw1vq5ppkdk04mm1btpavah0wz7pnstppernl40lssdbrp3umvret:latest/predictions_table.table.json", "_latest_artifact_path": "wandb-client-artifact://bbnls4vxfrk184wcul3v319lc5lf1ydpufpxf7zm8kglh79yb0o30bc51uqkm85ai52muylwwm1dw1vq5ppkdk04mm1btpavah0wz7pnstppernl40lssdbrp3umvret:latest/predictions_table.table.json", "path": "media/table/predictions_table_14_8630c80e79f85ec378ea.table.json", "ncols": 3, "nrows": 300}, "_wandb": {"runtime": 109}}