{"train_loss": 0.08626273274421692, "val_loss": 0.13243017047643663, "accuracy": 0.9615, "_timestamp": 1666061397.666523, "_runtime": 79.05199599266052, "_step": 9, "predictions_table": {"_type": "table-file", "sha256": "261b9f817b9298870d050b863b07684a3cd49c54848e5c8ac47d1867ca2aa184", "size": 3455, "artifact_path": "wandb-client-artifact://dqt6uqfk3s56qe2niec9pvnhinfecbk144rbtfg12qe0i67tu7i9zfpa7wzye8mt2jrac43q1sc3casvg3vkfl2igi0xyi9yn11cuub22djqgnvxaeq0b32ih7bydwsl:latest/predictions_table.table.json", "_latest_artifact_path": "wandb-client-artifact://dqt6uqfk3s56qe2niec9pvnhinfecbk144rbtfg12qe0i67tu7i9zfpa7wzye8mt2jrac43q1sc3casvg3vkfl2igi0xyi9yn11cuub22djqgnvxaeq0b32ih7bydwsl:latest/predictions_table.table.json", "path": "media/table/predictions_table_9_261b9f817b9298870d05.table.json", "ncols": 3, "nrows": 200}, "_wandb": {"runtime": 77}}