{"train_loss": 0.24244090914726257, "val_loss": 0.24706364572048187, "accuracy": 0.9305, "_timestamp": 1666076013.276295, "_runtime": 97.3451578617096, "_step": 14, "predictions_table": {"_type": "table-file", "sha256": "17192c979fe457197df013921bdda4b785f7d37c7c1d58b41c64bea440873118", "size": 6855, "artifact_path": "wandb-client-artifact://fv28961hi51ibjodo6709ci67jscakleex3i3yx4xaoms4mrtimomaipi8sgdo1n3gw0wh63jcw47aqukjsoybcl6go8q1xwt9t5o2nesem39l7tn68qg190feg3djq3:latest/predictions_table.table.json", "_latest_artifact_path": "wandb-client-artifact://fv28961hi51ibjodo6709ci67jscakleex3i3yx4xaoms4mrtimomaipi8sgdo1n3gw0wh63jcw47aqukjsoybcl6go8q1xwt9t5o2nesem39l7tn68qg190feg3djq3:latest/predictions_table.table.json", "path": "media/table/predictions_table_14_17192c979fe457197df0.table.json", "ncols": 3, "nrows": 400}, "_wandb": {"runtime": 96}}