{"train_loss": 0.20256392657756805, "val_loss": 0.15454407930374145, "accuracy": 0.9525, "_timestamp": 1666070851.898558, "_runtime": 120.48511099815369, "_step": 14, "predictions_table": {"_type": "table-file", "sha256": "b79e80ffc154e954ce294b1051c2bdc1746372d3e9a9873225ee0664e513b2a0", "size": 5155, "artifact_path": "wandb-client-artifact://13lczohmozb062m63su6n25hw6wsr1dw6tlx2l5fcxun8vfh5yfgk0d5s9h7tlk7xx9mo7izx5vrk74s82k9pxrki1ur2si5zewgake7bl1avw355585roodb2trc2vw:latest/predictions_table.table.json", "_latest_artifact_path": "wandb-client-artifact://13lczohmozb062m63su6n25hw6wsr1dw6tlx2l5fcxun8vfh5yfgk0d5s9h7tlk7xx9mo7izx5vrk74s82k9pxrki1ur2si5zewgake7bl1avw355585roodb2trc2vw:latest/predictions_table.table.json", "path": "media/table/predictions_table_14_b79e80ffc154e954ce29.table.json", "ncols": 3, "nrows": 300}, "_wandb": {"runtime": 119}}