{"train_loss": 0.2325560748577118, "val_loss": 0.27496133744716644, "accuracy": 0.9245, "_timestamp": 1666075801.5748858, "_runtime": 124.54687595367432, "_step": 14, "predictions_table": {"_type": "table-file", "sha256": "610cf26a0ecfd3cd65d7023d7bb223d612412f52b10e9304f694c9c7e91e85ee", "size": 6855, "artifact_path": "wandb-client-artifact://5fpoxe6r96q6fl4w3wfv36md9gogo3ouqgeba0ljfvcotdb58al7t3hxtjy3iknac8n86eyirbo6b3tfvod6i2ujrzhd62iuceq7y4h2t6fhrivib5uq7tg3ak9i9g4n:latest/predictions_table.table.json", "_latest_artifact_path": "wandb-client-artifact://5fpoxe6r96q6fl4w3wfv36md9gogo3ouqgeba0ljfvcotdb58al7t3hxtjy3iknac8n86eyirbo6b3tfvod6i2ujrzhd62iuceq7y4h2t6fhrivib5uq7tg3ak9i9g4n:latest/predictions_table.table.json", "path": "media/table/predictions_table_14_610cf26a0ecfd3cd65d7.table.json", "ncols": 3, "nrows": 400}, "_wandb": {"runtime": 123}}