{"train_loss": 0.025285661220550537, "val_loss": 0.15094277858734131, "accuracy": 0.961, "_timestamp": 1666074450.6417239, "_runtime": 114.40110898017883, "_step": 14, "predictions_table": {"_type": "table-file", "sha256": "1519649ad383354f950aeaf79110ce9762b548bb72363d1884a2c6bad7f71ad6", "size": 6855, "artifact_path": "wandb-client-artifact://95x0frjdl5zcznhu899bhe2k5tvs6slye6rhvqj6gqrvia25l91uh7n34z0633zzn95o1rsubsclqfczz6nmel2t4rm66rr58pt7kng7qlge5mhgjz7c6wxjaq81i6cs:latest/predictions_table.table.json", "_latest_artifact_path": "wandb-client-artifact://95x0frjdl5zcznhu899bhe2k5tvs6slye6rhvqj6gqrvia25l91uh7n34z0633zzn95o1rsubsclqfczz6nmel2t4rm66rr58pt7kng7qlge5mhgjz7c6wxjaq81i6cs:latest/predictions_table.table.json", "path": "media/table/predictions_table_14_1519649ad383354f950a.table.json", "ncols": 3, "nrows": 400}, "_wandb": {"runtime": 113}}