{"train_loss": 0.012525415048003197, "val_loss": 0.1936949599534273, "accuracy": 0.955, "_timestamp": 1666070725.637627, "_runtime": 106.14897179603577, "_step": 14, "predictions_table": {"_type": "table-file", "sha256": "7cdca9321c9142ff6d55c51257ec257b75ed3656bffee389b27c4d38e50bc051", "size": 5155, "artifact_path": "wandb-client-artifact://exvbg50vpd3lz1en6j8the3m332i3x8mwki2zaj8ro2md00wgsm1jl1yqxrxcp4zinpaddo1u3stckekt8yc3osqh5nj5bk347krvg5ctg8u14pdfap4b86er7sa5ifm:latest/predictions_table.table.json", "_latest_artifact_path": "wandb-client-artifact://exvbg50vpd3lz1en6j8the3m332i3x8mwki2zaj8ro2md00wgsm1jl1yqxrxcp4zinpaddo1u3stckekt8yc3osqh5nj5bk347krvg5ctg8u14pdfap4b86er7sa5ifm:latest/predictions_table.table.json", "path": "media/table/predictions_table_14_7cdca9321c9142ff6d55.table.json", "ncols": 3, "nrows": 300}, "_wandb": {"runtime": 104}}