{"train_loss": 0.15882867574691772, "val_loss": 0.15467437729239464, "accuracy": 0.9545, "_timestamp": 1666062807.646216, "_runtime": 113.2498140335083, "_step": 14, "predictions_table": {"_type": "table-file", "sha256": "ceeb9e45fc2ad4952e62f8d7901719d7caa1226445665623072cf0a7a21ec298", "size": 3455, "artifact_path": "wandb-client-artifact://zwvnpuuobqvwz37kuws81sswbr4ifvrvfj3365dyxrmehwdrf5h7su3hd93uodoxkbw5dpfajj7evtt3bd7ygr5jlwc6qjubpnv1fg1k9656oby1b7s4s2iuiwk5exr8:latest/predictions_table.table.json", "_latest_artifact_path": "wandb-client-artifact://zwvnpuuobqvwz37kuws81sswbr4ifvrvfj3365dyxrmehwdrf5h7su3hd93uodoxkbw5dpfajj7evtt3bd7ygr5jlwc6qjubpnv1fg1k9656oby1b7s4s2iuiwk5exr8:latest/predictions_table.table.json", "path": "media/table/predictions_table_14_ceeb9e45fc2ad4952e62.table.json", "ncols": 3, "nrows": 200}, "_wandb": {"runtime": 112}}