{"train_loss": 0.05996467173099518, "val_loss": 0.1622788965702057, "accuracy": 0.949, "_timestamp": 1666073598.5160902, "_runtime": 78.03516125679016, "_step": 9, "predictions_table": {"_type": "table-file", "sha256": "90ae5117124dbcc15895e304cb04e805e60dc47f09bd56dc814ec804326dfaae", "size": 6855, "artifact_path": "wandb-client-artifact://49dhreyrhh917be9aslqkgqsh36bdlr6dnzrqu1zffqsfk5x8269v7l1in28hrr0ldsw5s3hnpj2lut0o27b0zjz8u5fdjx9r5e79i3e111qr254h8ifwns5ps9yedu7:latest/predictions_table.table.json", "_latest_artifact_path": "wandb-client-artifact://49dhreyrhh917be9aslqkgqsh36bdlr6dnzrqu1zffqsfk5x8269v7l1in28hrr0ldsw5s3hnpj2lut0o27b0zjz8u5fdjx9r5e79i3e111qr254h8ifwns5ps9yedu7:latest/predictions_table.table.json", "path": "media/table/predictions_table_9_90ae5117124dbcc15895.table.json", "ncols": 3, "nrows": 400}, "_wandb": {"runtime": 76}}