{"train_loss": 0.28563010692596436, "val_loss": 0.19290336817502976, "accuracy": 0.939, "_timestamp": 1666072238.920672, "_runtime": 42.060725927352905, "_step": 4, "predictions_table": {"_type": "table-file", "sha256": "2570414821432a9e78b70916ab4c5e8d80619c198a245afa53d7f4b3c643fdcb", "size": 6855, "artifact_path": "wandb-client-artifact://2olv1blucl6ofdny6j4sne4hgykvs7jlyy2n5neyacojsvp9ie8z6wogsh95id9o80083utmf1kr9hk6cf3nhkhwz29c2qop5hoxh1zkzpuq6irynpc1c27i2i8v4v96:latest/predictions_table.table.json", "_latest_artifact_path": "wandb-client-artifact://2olv1blucl6ofdny6j4sne4hgykvs7jlyy2n5neyacojsvp9ie8z6wogsh95id9o80083utmf1kr9hk6cf3nhkhwz29c2qop5hoxh1zkzpuq6irynpc1c27i2i8v4v96:latest/predictions_table.table.json", "path": "media/table/predictions_table_4_2570414821432a9e78b7.table.json", "ncols": 3, "nrows": 400}, "_wandb": {"runtime": 40}}