{"train_loss": 0.038800761103630066, "val_loss": 0.1552471684291959, "accuracy": 0.9555, "_timestamp": 1666063478.076848, "_runtime": 121.46042895317078, "_step": 14, "predictions_table": {"_type": "table-file", "sha256": "e428fa9e655e82afa0e66dc715bb24d728eaa722b60a766c67e067ca45321e23", "size": 3455, "artifact_path": "wandb-client-artifact://7g93e7gprztyyd8jalyshjq7x2k7grzc8jvyz7shbunpitf527g8vwuzga3rdo1e44ld4ocrcps2z8tk2rwgto0m7g5irxx7z6y6xqq8qe35yysm0xx10a118p0pgau0:latest/predictions_table.table.json", "_latest_artifact_path": "wandb-client-artifact://7g93e7gprztyyd8jalyshjq7x2k7grzc8jvyz7shbunpitf527g8vwuzga3rdo1e44ld4ocrcps2z8tk2rwgto0m7g5irxx7z6y6xqq8qe35yysm0xx10a118p0pgau0:latest/predictions_table.table.json", "path": "media/table/predictions_table_14_e428fa9e655e82afa0e6.table.json", "ncols": 3, "nrows": 200}, "_wandb": {"runtime": 119}}