{"train_loss": 0.5846959948539734, "val_loss": 0.46438058018684386, "accuracy": 0.8915, "_timestamp": 1666072880.0732312, "_runtime": 42.775092124938965, "_step": 4, "predictions_table": {"_type": "table-file", "sha256": "b556d25a3d69efd8bdfce89f17d424d07f6495ecbc70a82baf7d4521e3702891", "size": 6855, "artifact_path": "wandb-client-artifact://xy1ca8a2uh1nk9xx660w2ecn653j8n2fik120maje98rtrb9vd4eixpbwyk7r7i10bg100gkb5uwg33e1yx7oydisnxfc4ik15cuu2r0kwyxhayd4dep9pasglt2oqnr:latest/predictions_table.table.json", "_latest_artifact_path": "wandb-client-artifact://xy1ca8a2uh1nk9xx660w2ecn653j8n2fik120maje98rtrb9vd4eixpbwyk7r7i10bg100gkb5uwg33e1yx7oydisnxfc4ik15cuu2r0kwyxhayd4dep9pasglt2oqnr:latest/predictions_table.table.json", "path": "media/table/predictions_table_4_b556d25a3d69efd8bdfc.table.json", "ncols": 3, "nrows": 400}, "_wandb": {"runtime": 41}}