{"train_loss": 0.09305507689714432, "val_loss": 0.15615955032408238, "accuracy": 0.946, "_timestamp": 1666065607.150162, "_runtime": 80.67618298530579, "_step": 9, "predictions_table": {"_type": "table-file", "sha256": "ded998b4be33423b259ebf0561a20be8bdb28d9212baa760992c17a8d8dd2285", "size": 3455, "artifact_path": "wandb-client-artifact://4d6587dnug3ac9go3oadi22c6nf703bisv9ov8wz9boij66n27a4scm3y0piz4fyw3wxmwj1ux08cckttkmc1vqhb3b3y98zgrn9iqpjh37x79hdh5egq3jiwgzliwye:latest/predictions_table.table.json", "_latest_artifact_path": "wandb-client-artifact://4d6587dnug3ac9go3oadi22c6nf703bisv9ov8wz9boij66n27a4scm3y0piz4fyw3wxmwj1ux08cckttkmc1vqhb3b3y98zgrn9iqpjh37x79hdh5egq3jiwgzliwye:latest/predictions_table.table.json", "path": "media/table/predictions_table_9_ded998b4be33423b259e.table.json", "ncols": 3, "nrows": 200}, "_wandb": {"runtime": 79}}