{"train_loss": 0.007380375172942877, "val_loss": 0.14727332890033723, "accuracy": 0.958, "_timestamp": 1666071098.022824, "_runtime": 111.69694304466248, "_step": 14, "predictions_table": {"_type": "table-file", "sha256": "e04356bba6f682bab6bee4816f08c5e611cf104e50610b3b9103f2dd9988aac2", "size": 5155, "artifact_path": "wandb-client-artifact://ncwmx2ocqybm5msh04e5ciby0kxqj1vi3apbj7fty37t1d8x3654aybbxsznvc0d0ak01xw50emya23po7r98otomsm7wvpw3azfb8lwcgcnjcv8ux447779y1qip2wc:latest/predictions_table.table.json", "_latest_artifact_path": "wandb-client-artifact://ncwmx2ocqybm5msh04e5ciby0kxqj1vi3apbj7fty37t1d8x3654aybbxsznvc0d0ak01xw50emya23po7r98otomsm7wvpw3azfb8lwcgcnjcv8ux447779y1qip2wc:latest/predictions_table.table.json", "path": "media/table/predictions_table_14_e04356bba6f682bab6be.table.json", "ncols": 3, "nrows": 300}, "_wandb": {"runtime": 110}}