{"train_loss": 0.11868298798799515, "val_loss": 0.22654448002576827, "accuracy": 0.9305, "_timestamp": 1666068125.9725592, "_runtime": 117.319509267807, "_step": 14, "predictions_table": {"_type": "table-file", "sha256": "0d15b612462bb8144ba37102106d349231e87a990cb87bb2d0da3b005e3f39c7", "size": 3455, "artifact_path": "wandb-client-artifact://yxqqsxquwufs1o3yimj3rackhlq4ml0q9xtpwm7l0kom22ehh2zandg7i6g32iwt7pmc3c1q9o20wvgbo94hehb4f00q7ib0sjhzo5o91mcib2bl7s61ygrftkthyis0:latest/predictions_table.table.json", "_latest_artifact_path": "wandb-client-artifact://yxqqsxquwufs1o3yimj3rackhlq4ml0q9xtpwm7l0kom22ehh2zandg7i6g32iwt7pmc3c1q9o20wvgbo94hehb4f00q7ib0sjhzo5o91mcib2bl7s61ygrftkthyis0:latest/predictions_table.table.json", "path": "media/table/predictions_table_14_0d15b612462bb8144ba3.table.json", "ncols": 3, "nrows": 200}, "_wandb": {"runtime": 116}}