{"train_loss": 0.1438608169555664, "val_loss": 0.24163544066250325, "accuracy": 0.9285, "_timestamp": 1666071579.864613, "_runtime": 114.62766003608704, "_step": 14, "predictions_table": {"_type": "table-file", "sha256": "29a98349bb411941e52518b47b29882ff595df5c506a607212bf1d364c7c7c24", "size": 5155, "artifact_path": "wandb-client-artifact://31qspd9ffp4jwj7fa9dgc6jvn0bv90cpb3ly1mkh82bjctr83a69wze2t71rzxj0qo8t015aehuldf95gdiwvy5eqtq7sci24b46ir14mxauzfvn0p1qlr0mmwbrlb91:latest/predictions_table.table.json", "_latest_artifact_path": "wandb-client-artifact://31qspd9ffp4jwj7fa9dgc6jvn0bv90cpb3ly1mkh82bjctr83a69wze2t71rzxj0qo8t015aehuldf95gdiwvy5eqtq7sci24b46ir14mxauzfvn0p1qlr0mmwbrlb91:latest/predictions_table.table.json", "path": "media/table/predictions_table_14_29a98349bb411941e525.table.json", "ncols": 3, "nrows": 300}, "_wandb": {"runtime": 114}}