{"train_loss": 0.17778155207633972, "val_loss": 0.217947281524539, "accuracy": 0.9335, "_timestamp": 1666068629.958708, "_runtime": 42.346384048461914, "_step": 4, "predictions_table": {"_type": "table-file", "sha256": "6eeb127023895ff6814e96a9c455615e01e8a780e423b64fc4ef7e6bd3b48076", "size": 5155, "artifact_path": "wandb-client-artifact://chhyv4tw32m139t1zr79u7lmdi4dypj0lc2dcdxoxl23wv54lwl64qoga5gkycgbzv82xs3i15bf8e185wlv5hadzaohrl7v59na04dgkj83ologn7wy09xzah8w211q:latest/predictions_table.table.json", "_latest_artifact_path": "wandb-client-artifact://chhyv4tw32m139t1zr79u7lmdi4dypj0lc2dcdxoxl23wv54lwl64qoga5gkycgbzv82xs3i15bf8e185wlv5hadzaohrl7v59na04dgkj83ologn7wy09xzah8w211q:latest/predictions_table.table.json", "path": "media/table/predictions_table_4_6eeb127023895ff6814e.table.json", "ncols": 3, "nrows": 300}, "_wandb": {"runtime": 41}}