{"train_loss": 0.007741601672023535, "val_loss": 0.16486721560359002, "accuracy": 0.963, "_timestamp": 1666065083.166731, "_runtime": 77.62508821487427, "_step": 9, "predictions_table": {"_type": "table-file", "sha256": "865b12c64e84e87e9832e485ccd001f718234b39b5e2c006543d9c334581e44a", "size": 3455, "artifact_path": "wandb-client-artifact://q3lz88gnolv3k12txofn0j4ol3kxe1hofnf1dz52thmm9rf7xafwc1n2di64gmgcpxyj8dq67ezbnkn5bzi04jrogk2018hcd55yeh529m6q1ic738yshqxy5ewco19l:latest/predictions_table.table.json", "_latest_artifact_path": "wandb-client-artifact://q3lz88gnolv3k12txofn0j4ol3kxe1hofnf1dz52thmm9rf7xafwc1n2di64gmgcpxyj8dq67ezbnkn5bzi04jrogk2018hcd55yeh529m6q1ic738yshqxy5ewco19l:latest/predictions_table.table.json", "path": "media/table/predictions_table_9_865b12c64e84e87e9832.table.json", "ncols": 3, "nrows": 200}, "_wandb": {"runtime": 76}}