{"train_loss": 0.3015795350074768, "val_loss": 0.28304819464683534, "accuracy": 0.919, "_timestamp": 1666075908.281419, "_runtime": 98.23080015182495, "_step": 14, "predictions_table": {"_type": "table-file", "sha256": "2c8accf1f58c08a2932254d36844b83480e73287e2a791edb134da11818457a5", "size": 6855, "artifact_path": "wandb-client-artifact://vovqh6j5p3rbn5wzfpgtx9gqrh8q9ce3g10uvhvepj72ehjpdrm2dpue0xq7v0ddgpir9y8l2ed03x95g5z2dd9a059hujldxek8qg1zrq8a0ngs0oh99hi9zi4w1ix6:latest/predictions_table.table.json", "_latest_artifact_path": "wandb-client-artifact://vovqh6j5p3rbn5wzfpgtx9gqrh8q9ce3g10uvhvepj72ehjpdrm2dpue0xq7v0ddgpir9y8l2ed03x95g5z2dd9a059hujldxek8qg1zrq8a0ngs0oh99hi9zi4w1ix6:latest/predictions_table.table.json", "path": "media/table/predictions_table_14_2c8accf1f58c08a29322.table.json", "ncols": 3, "nrows": 400}, "_wandb": {"runtime": 96}}