{"train_loss": 0.15031254291534424, "val_loss": 0.18893758952617645, "accuracy": 0.94, "_timestamp": 1666072402.6174679, "_runtime": 41.37862777709961, "_step": 4, "predictions_table": {"_type": "table-file", "sha256": "33d0645e7d1fd24444b79a729586f52732bd8fa9dc97f0abfe35bee0f2ba6372", "size": 6855, "artifact_path": "wandb-client-artifact://cc3smqnde4v3od3bj2fqh0gtygs094syp6p3m19tc3y76t5j8ia8wxs2hebemulhn0kywx1yk4hc0x44ou10gm6ib882ob0qrh57czegvbaizh3t8nw24nb5xpaepkdi:latest/predictions_table.table.json", "_latest_artifact_path": "wandb-client-artifact://cc3smqnde4v3od3bj2fqh0gtygs094syp6p3m19tc3y76t5j8ia8wxs2hebemulhn0kywx1yk4hc0x44ou10gm6ib882ob0qrh57czegvbaizh3t8nw24nb5xpaepkdi:latest/predictions_table.table.json", "path": "media/table/predictions_table_4_33d0645e7d1fd24444b7.table.json", "ncols": 3, "nrows": 400}, "_wandb": {"runtime": 41}}