{"train_loss": 0.10268095880746841, "val_loss": 0.15759609746932984, "accuracy": 0.9495, "_timestamp": 1665861923.977532, "_runtime": 71.79432702064514, "_step": 9, "predictions_table": {"_type": "table-file", "sha256": "18fe110ff4af931a6339b9b3695e06a5b4aed663410a9a732df606db6d31fadc", "size": 4407, "artifact_path": "wandb-client-artifact://hvvtle9agxl1amf0axyyf7hse3swk58wvqvc2n45nmv1oraljnh1unk4id77jrcpb34q11y0onbibjvtmwetad6o8k4n1z4etcufp4racdu0v14zc1s8twl62fltjrv8:latest/predictions_table.table.json", "_latest_artifact_path": "wandb-client-artifact://hvvtle9agxl1amf0axyyf7hse3swk58wvqvc2n45nmv1oraljnh1unk4id77jrcpb34q11y0onbibjvtmwetad6o8k4n1z4etcufp4racdu0v14zc1s8twl62fltjrv8:latest/predictions_table.table.json", "path": "media/table/predictions_table_9_18fe110ff4af931a6339.table.json", "ncols": 3, "nrows": 256}, "_wandb": {"runtime": 70}}