{"train_loss": 0.37445008754730225, "val_loss": 0.28601256757974625, "accuracy": 0.9175, "_timestamp": 1666069870.343481, "_runtime": 70.90587496757507, "_step": 9, "predictions_table": {"_type": "table-file", "sha256": "a19953240dbe711158294c5d6df6131498926cf85ece65f70bd64f9747190098", "size": 5155, "artifact_path": "wandb-client-artifact://lrtl3uwudq52qi5nb4x2w5u1rp66y4aavelf4jnfsmopr5besw1wctyf1jmr0d31kevp01rnohc5jagjkk0xajj0utpbkki860dgowsulxqjbag9pbw0t8ogox1a3mzz:latest/predictions_table.table.json", "_latest_artifact_path": "wandb-client-artifact://lrtl3uwudq52qi5nb4x2w5u1rp66y4aavelf4jnfsmopr5besw1wctyf1jmr0d31kevp01rnohc5jagjkk0xajj0utpbkki860dgowsulxqjbag9pbw0t8ogox1a3mzz:latest/predictions_table.table.json", "path": "media/table/predictions_table_9_a19953240dbe71115829.table.json", "ncols": 3, "nrows": 300}, "_wandb": {"runtime": 70}}