{"train_loss": 0.021351484581828117, "val_loss": 0.14575568120926619, "accuracy": 0.956, "_timestamp": 1666069620.672599, "_runtime": 76.24095416069031, "_step": 9, "predictions_table": {"_type": "table-file", "sha256": "bd413c65dc84bcce884a20080497c63fe49355893de0f7bf7be0ab03c865f877", "size": 5155, "artifact_path": "wandb-client-artifact://w4zjjubcynnb4w6d8m8robqx6kz71kiq4ufk8ju2589ftap83wvf8nhdk92jhlsfwxgavw0gvw5icjulvfj9d8wx3aijesohb7w1pq4ydys80a1b14xrz4cn35krvtwq:latest/predictions_table.table.json", "_latest_artifact_path": "wandb-client-artifact://w4zjjubcynnb4w6d8m8robqx6kz71kiq4ufk8ju2589ftap83wvf8nhdk92jhlsfwxgavw0gvw5icjulvfj9d8wx3aijesohb7w1pq4ydys80a1b14xrz4cn35krvtwq:latest/predictions_table.table.json", "path": "media/table/predictions_table_9_bd413c65dc84bcce884a.table.json", "ncols": 3, "nrows": 300}, "_wandb": {"runtime": 74}}