{"train_loss": 0.33536097407341003, "val_loss": 0.2755497969686985, "accuracy": 0.9225, "_timestamp": 1666066214.96421, "_runtime": 77.62373900413513, "_step": 9, "predictions_table": {"_type": "table-file", "sha256": "3de721f4c54fa732f7d3f86ef72481d4e68d07166c3eaddea4441c3d840e4318", "size": 3455, "artifact_path": "wandb-client-artifact://508uj1d22xvqbkum6zxgfrgshvdl0xa82a7alineu5qmdb1b3zk0tay2bqa16jswkfscpke9k7l1xl94751yg2d3zeiefpgm3or20tfvchdsbqvljrud59jras98590y:latest/predictions_table.table.json", "_latest_artifact_path": "wandb-client-artifact://508uj1d22xvqbkum6zxgfrgshvdl0xa82a7alineu5qmdb1b3zk0tay2bqa16jswkfscpke9k7l1xl94751yg2d3zeiefpgm3or20tfvchdsbqvljrud59jras98590y:latest/predictions_table.table.json", "path": "media/table/predictions_table_9_3de721f4c54fa732f7d3.table.json", "ncols": 3, "nrows": 200}, "_wandb": {"runtime": 76}}