{"train_loss": 0.3790343701839447, "val_loss": 0.36058011278510094, "accuracy": 0.9095, "_timestamp": 1666068958.087559, "_runtime": 45.48923707008362, "_step": 4, "predictions_table": {"_type": "table-file", "sha256": "9e6b0cf0245958a5aff9545eb5743cdad0090afb1e14a5c4b37c41e672716091", "size": 5155, "artifact_path": "wandb-client-artifact://162pke1rlpkh0xlj8k2lopq7vcsx63f9n0cr053hx98mop198okt4604mphrflqqyqcdn88vd8xdreckzxf949up1q71ed0iafeiw2mrcetjlbqgw3r7wmgxdc1x2ff4:latest/predictions_table.table.json", "_latest_artifact_path": "wandb-client-artifact://162pke1rlpkh0xlj8k2lopq7vcsx63f9n0cr053hx98mop198okt4604mphrflqqyqcdn88vd8xdreckzxf949up1q71ed0iafeiw2mrcetjlbqgw3r7wmgxdc1x2ff4:latest/predictions_table.table.json", "path": "media/table/predictions_table_4_9e6b0cf0245958a5aff9.table.json", "ncols": 3, "nrows": 300}, "_wandb": {"runtime": 44}}