{"train_loss": 0.0428302139043808, "val_loss": 0.15406296849250795, "accuracy": 0.9545, "_timestamp": 1666063790.300631, "_runtime": 152.77390003204346, "_step": 11, "_wandb": {"runtime": 153}}