{"train_loss": 0.16248784959316254, "val_loss": 0.16497220806777477, "accuracy": 0.9525, "_timestamp": 1666069290.664341, "_runtime": 77.43271708488464, "_step": 9, "predictions_table": {"_type": "table-file", "sha256": "81a57d8ecbc60327ff27572350c5b17041396af721017274c234ac553eedbc99", "size": 5155, "artifact_path": "wandb-client-artifact://qod48sbotp8udfbuxcfp7nenfqrgd1aqgro1cbpt0tpopu1tv9b226pnq8og6pgmd1sbt05j6hu6cn2fqqzutnsim95op7b5772u0iddwcqt1lg85gxfa604tmkvtkbd:latest/predictions_table.table.json", "_latest_artifact_path": "wandb-client-artifact://qod48sbotp8udfbuxcfp7nenfqrgd1aqgro1cbpt0tpopu1tv9b226pnq8og6pgmd1sbt05j6hu6cn2fqqzutnsim95op7b5772u0iddwcqt1lg85gxfa604tmkvtkbd:latest/predictions_table.table.json", "path": "media/table/predictions_table_9_81a57d8ecbc60327ff27.table.json", "ncols": 3, "nrows": 300}, "_wandb": {"runtime": 76}}