{"train_loss": 0.09926432371139526, "val_loss": 0.17409592717885972, "accuracy": 0.9475, "_timestamp": 1666064688.886324, "_runtime": 39.27259683609009, "_step": 4, "predictions_table": {"_type": "table-file", "sha256": "6aecd1452cde52aad05b5fa8772c7e5a7870a15760416159dd5f1bddeb978c0b", "size": 3455, "artifact_path": "wandb-client-artifact://ci20o7f3bli055eljn49enq8q7iufbetrhs9o892kwm5hlxyt15ge6yf252fnrh2etv0xf5khxiy9jylsi5cn068ebnt61a14msjuiqbloh589zs0w5syo37ekd5dx1d:latest/predictions_table.table.json", "_latest_artifact_path": "wandb-client-artifact://ci20o7f3bli055eljn49enq8q7iufbetrhs9o892kwm5hlxyt15ge6yf252fnrh2etv0xf5khxiy9jylsi5cn068ebnt61a14msjuiqbloh589zs0w5syo37ekd5dx1d:latest/predictions_table.table.json", "path": "media/table/predictions_table_4_6aecd1452cde52aad05b.table.json", "ncols": 3, "nrows": 200}, "_wandb": {"runtime": 37}}