{"train_loss": 0.045955557376146317, "val_loss": 0.15023978445678948, "accuracy": 0.9515, "_timestamp": 1666069449.758112, "_runtime": 69.87692999839783, "_step": 9, "predictions_table": {"_type": "table-file", "sha256": "982e6558a8904616566dcdc30feb77937d972a6002d1768add787e92258fb44b", "size": 5155, "artifact_path": "wandb-client-artifact://pqmojmazjbefjhs38lodwpd5ifeva5g95a1m0d7ortpazsvm0v0r75hby355xsx1ixuuchnswv4gqccp71pcbn0okw7swg9nencc1kr2depct1mkk0byfund69brkcx6:latest/predictions_table.table.json", "_latest_artifact_path": "wandb-client-artifact://pqmojmazjbefjhs38lodwpd5ifeva5g95a1m0d7ortpazsvm0v0r75hby355xsx1ixuuchnswv4gqccp71pcbn0okw7swg9nencc1kr2depct1mkk0byfund69brkcx6:latest/predictions_table.table.json", "path": "media/table/predictions_table_9_982e6558a8904616566d.table.json", "ncols": 3, "nrows": 300}, "_wandb": {"runtime": 69}}