{"train_loss": 0.022924022749066353, "val_loss": 0.17057162076234816, "accuracy": 0.9535, "_timestamp": 1666153577.687274, "_runtime": 45.004042863845825, "_step": 4, "predictions_table": {"_type": "table-file", "sha256": "9c0210d60a7d072fddb8a58ed9ac69571bd3659a2185a92009299b8f83fd5b6d", "size": 3455, "artifact_path": "wandb-client-artifact://132s3iinu5iq9nr6hfasz7ovgenzz66hx7qiudsaifqufgysq9r7a7nktzvo66oasq8q0qludngj1lqvikpjcvd8dzfha2mpov47u5ua234r1dj13dbnbe5trb4jk38p:latest/predictions_table.table.json", "_latest_artifact_path": "wandb-client-artifact://132s3iinu5iq9nr6hfasz7ovgenzz66hx7qiudsaifqufgysq9r7a7nktzvo66oasq8q0qludngj1lqvikpjcvd8dzfha2mpov47u5ua234r1dj13dbnbe5trb4jk38p:latest/predictions_table.table.json", "path": "media/table/predictions_table_4_9c0210d60a7d072fddb8.table.json", "ncols": 3, "nrows": 200}, "_wandb": {"runtime": 44}}