{"train_loss": 0.03931344673037529, "val_loss": 0.16442102921009064, "accuracy": 0.9505, "_timestamp": 1665712064.188818, "_runtime": 81.33839702606201, "_step": 9, "_wandb": {"runtime": 80}}