{"train_loss": 0.010378461331129074, "val_loss": 0.15468946881592274, "accuracy": 0.952, "_timestamp": 1666071333.086659, "_runtime": 110.92896890640259, "_step": 14, "predictions_table": {"_type": "table-file", "sha256": "17358a44f565902f59ef454073fa3a475d0675c81186f2b7016abd80803711ba", "size": 5155, "artifact_path": "wandb-client-artifact://57k0zmkbdbcxgez50skjyn3k1d9r6ls2k1392l8m0hyehv7hlhaez2rh82xcqikh7zyozaw12kmpfpyfhyprgtibg9vvgwxil7k03sw77uj4gsu2e0w3d79byg8hrkvy:latest/predictions_table.table.json", "_latest_artifact_path": "wandb-client-artifact://57k0zmkbdbcxgez50skjyn3k1d9r6ls2k1392l8m0hyehv7hlhaez2rh82xcqikh7zyozaw12kmpfpyfhyprgtibg9vvgwxil7k03sw77uj4gsu2e0w3d79byg8hrkvy:latest/predictions_table.table.json", "path": "media/table/predictions_table_14_17358a44f565902f59ef.table.json", "ncols": 3, "nrows": 300}, "_wandb": {"runtime": 109}}