{"train_loss": 0.21365050971508026, "val_loss": 0.24748039841651917, "accuracy": 0.926, "_timestamp": 1666067889.5311291, "_runtime": 105.8576090335846, "_step": 14, "predictions_table": {"_type": "table-file", "sha256": "20ee2e1ceada8034419d24c0959e66197ed6385b56380d4ec10729aeb38cd698", "size": 3455, "artifact_path": "wandb-client-artifact://qhkusq34p5oepk1s2m6r5kj40sc2fr17h6s9ob6bgylxze95a40ziwzhk2lwkag68trhf3mjw5yu2m1iic1px32ymv2g2z94qe2a0iwomd7swxwhal29gprcax1txzwb:latest/predictions_table.table.json", "_latest_artifact_path": "wandb-client-artifact://qhkusq34p5oepk1s2m6r5kj40sc2fr17h6s9ob6bgylxze95a40ziwzhk2lwkag68trhf3mjw5yu2m1iic1px32ymv2g2z94qe2a0iwomd7swxwhal29gprcax1txzwb:latest/predictions_table.table.json", "path": "media/table/predictions_table_14_20ee2e1ceada8034419d.table.json", "ncols": 3, "nrows": 200}, "_wandb": {"runtime": 104}}