{"train_loss": 0.1362512707710266, "val_loss": 0.15312604494392873, "accuracy": 0.9525, "_timestamp": 1666062066.6496818, "_runtime": 77.07848381996155, "_step": 9, "predictions_table": {"_type": "table-file", "sha256": "fa69de2b9c8ba5d96ad98a6ae13bf96eac34fa727db94ef5432514e30c817541", "size": 3455, "artifact_path": "wandb-client-artifact://abhsp4hc4k158nwb8jlha0emdg0m03f1qt5jy9kf1264t99rwj0fazswwyatbj6gl0pz71yftgl23kuefheytcait600ky0eb9so76ulyzxdqd1s01ziop9q3wvoriry:latest/predictions_table.table.json", "_latest_artifact_path": "wandb-client-artifact://abhsp4hc4k158nwb8jlha0emdg0m03f1qt5jy9kf1264t99rwj0fazswwyatbj6gl0pz71yftgl23kuefheytcait600ky0eb9so76ulyzxdqd1s01ziop9q3wvoriry:latest/predictions_table.table.json", "path": "media/table/predictions_table_9_fa69de2b9c8ba5d96ad9.table.json", "ncols": 3, "nrows": 200}, "_wandb": {"runtime": 75}}