{"train_loss": 0.2834269106388092, "val_loss": 0.21370820552110673, "accuracy": 0.936, "_timestamp": 1666068694.123124, "_runtime": 45.83309483528137, "_step": 4, "predictions_table": {"_type": "table-file", "sha256": "04bae3de18bc3774bd8696c539a58bcabffc712514b81c6608772f3189858edf", "size": 5155, "artifact_path": "wandb-client-artifact://4ocdmh26p9k5dkvkdqj4web70imwksa09ss0kmjg0rogm9kkca0zus9utnzm4e2c5gijnp0i27izbue767cabepg3nauatznlr8034btvns50tfk8jrg2mmty1lmq3ml:latest/predictions_table.table.json", "_latest_artifact_path": "wandb-client-artifact://4ocdmh26p9k5dkvkdqj4web70imwksa09ss0kmjg0rogm9kkca0zus9utnzm4e2c5gijnp0i27izbue767cabepg3nauatznlr8034btvns50tfk8jrg2mmty1lmq3ml:latest/predictions_table.table.json", "path": "media/table/predictions_table_4_04bae3de18bc3774bd86.table.json", "ncols": 3, "nrows": 300}, "_wandb": {"runtime": 44}}