{"train_loss": 0.1743404120206833, "val_loss": 0.1787346386909485, "accuracy": 0.945, "_timestamp": 1665712316.749939, "_runtime": 76.66015100479126, "_step": 9, "_wandb": {"runtime": 75}}