{"train_loss": 0.2012433260679245, "val_loss": 0.19738989794254302, "accuracy": 0.9395, "_timestamp": 1665861843.3096058, "_runtime": 92.98844075202942, "_step": 9, "predictions_table": {"_type": "table-file", "sha256": "13b68345d8f01c89444bfd978ab2d9bd9e61467286f8b94f9e73d686960b70b4", "size": 4407, "artifact_path": "wandb-client-artifact://jak98d6qqr1x515lpmulzt34pog01dad8lu6u54s70i2b6eo18eynzmwxegwelszcvmml3f1iiiyr3a2m18ir6mfvg7gaasaslv75a4idnrlqhw7gzfqzbd3we9s5r0g:latest/predictions_table.table.json", "_latest_artifact_path": "wandb-client-artifact://jak98d6qqr1x515lpmulzt34pog01dad8lu6u54s70i2b6eo18eynzmwxegwelszcvmml3f1iiiyr3a2m18ir6mfvg7gaasaslv75a4idnrlqhw7gzfqzbd3we9s5r0g:latest/predictions_table.table.json", "path": "media/table/predictions_table_9_13b68345d8f01c89444b.table.json", "ncols": 3, "nrows": 256}, "_wandb": {"runtime": 91}}