{"train_loss": 0.016311749815940857, "val_loss": 0.18115700148046016, "accuracy": 0.9545, "_timestamp": 1666061483.8908732, "_runtime": 79.5118772983551, "_step": 9, "predictions_table": {"_type": "table-file", "sha256": "602058b4d6fadb90d5b7ef8e0442700e30a58e051ee72b77731a67da23f620da", "size": 3455, "artifact_path": "wandb-client-artifact://12ktzw9w2kv9kcy34w0f5aeud54kwek9ai69mfgauigl6l9ul5484kam5ex7opioirtrboyvkia03hxrwwk9zftnnkixxoidoobb6xc8dxyn7n7i67hxe7mquddc8ex2:latest/predictions_table.table.json", "_latest_artifact_path": "wandb-client-artifact://12ktzw9w2kv9kcy34w0f5aeud54kwek9ai69mfgauigl6l9ul5484kam5ex7opioirtrboyvkia03hxrwwk9zftnnkixxoidoobb6xc8dxyn7n7i67hxe7mquddc8ex2:latest/predictions_table.table.json", "path": "media/table/predictions_table_9_602058b4d6fadb90d5b7.table.json", "ncols": 3, "nrows": 200}, "_wandb": {"runtime": 78}}