{"train_loss": 0.19509097933769226, "val_loss": 0.26778741776943205, "accuracy": 0.9225, "_timestamp": 1666066045.7296221, "_runtime": 77.50196623802185, "_step": 9, "predictions_table": {"_type": "table-file", "sha256": "a745c3e7faffe08f8f84220ee1db84934ff574aad3180fa147149bb7c9c40d5a", "size": 3455, "artifact_path": "wandb-client-artifact://dwbt2hrgt4ugpi1ymg85pwq2hxcp7l7wxnn040gui6fibp55ncw980b3srb43yqs49rjbp3ra3ludt7sc6zbt8ij6hl10nirjunits14xys4xal1hqkr2yx44r6a2k2s:latest/predictions_table.table.json", "_latest_artifact_path": "wandb-client-artifact://dwbt2hrgt4ugpi1ymg85pwq2hxcp7l7wxnn040gui6fibp55ncw980b3srb43yqs49rjbp3ra3ludt7sc6zbt8ij6hl10nirjunits14xys4xal1hqkr2yx44r6a2k2s:latest/predictions_table.table.json", "path": "media/table/predictions_table_9_a745c3e7faffe08f8f84.table.json", "ncols": 3, "nrows": 200}, "_wandb": {"runtime": 76}}