{"train_loss": 0.2239518165588379, "val_loss": 0.20100936889648438, "accuracy": 0.9385, "_timestamp": 1666061878.944309, "_runtime": 84.92704105377197, "_step": 9, "predictions_table": {"_type": "table-file", "sha256": "580ea7bdc1e77b5beaa489592a2e87fd00254633e6beb826d27fb8923e71ac04", "size": 3455, "artifact_path": "wandb-client-artifact://jda9ts7x0b3o0hvciut8cytwqnenim36egilpidb8rfuwx82fj975k1flui4bmw2aqs6pj5lcdb5v9zxcuuv24vtcamlvi79fpt36x75c4b0fpjfqqs17p1i6h92gvbi:latest/predictions_table.table.json", "_latest_artifact_path": "wandb-client-artifact://jda9ts7x0b3o0hvciut8cytwqnenim36egilpidb8rfuwx82fj975k1flui4bmw2aqs6pj5lcdb5v9zxcuuv24vtcamlvi79fpt36x75c4b0fpjfqqs17p1i6h92gvbi:latest/predictions_table.table.json", "path": "media/table/predictions_table_9_580ea7bdc1e77b5beaa4.table.json", "ncols": 3, "nrows": 200}, "_wandb": {"runtime": 83}}