{"train_loss": 0.03668467327952385, "val_loss": 0.15148168448358773, "accuracy": 0.953, "_timestamp": 1666069786.2636428, "_runtime": 76.03795576095581, "_step": 9, "predictions_table": {"_type": "table-file", "sha256": "4f8c5477f41c76e4be33a379e0ade7c978d95dcc25dbd91f9afa91fa7ed19da5", "size": 5155, "artifact_path": "wandb-client-artifact://18aew4x3eit8hlpqxxve6dpxa72fs5npesnfip05kom4zej7hf00z1zxt347qdfpi3wyf8is24201ttcnqjm79fohtdgprhinh1y6pzfi0px9ok6ed0oy6g5lkcf9c65:latest/predictions_table.table.json", "_latest_artifact_path": "wandb-client-artifact://18aew4x3eit8hlpqxxve6dpxa72fs5npesnfip05kom4zej7hf00z1zxt347qdfpi3wyf8is24201ttcnqjm79fohtdgprhinh1y6pzfi0px9ok6ed0oy6g5lkcf9c65:latest/predictions_table.table.json", "path": "media/table/predictions_table_9_4f8c5477f41c76e4be33.table.json", "ncols": 3, "nrows": 300}, "_wandb": {"runtime": 74}}