{"train_loss": 0.1491566300392151, "val_loss": 0.1929238997399807, "accuracy": 0.9365, "_timestamp": 1666069536.457679, "_runtime": 74.87906408309937, "_step": 9, "predictions_table": {"_type": "table-file", "sha256": "3af6656ff91add03f2edb806d8bf3620111a8fc37c6b73b58822bcf5546a2ec7", "size": 5155, "artifact_path": "wandb-client-artifact://h6v9gvonju5x883x1vn1wco89f6ycsug37mcfbuw0r6r1nijhqkln3zxshacim5kzyi1x12nho748lgb99ufhn72j2laxdxilu17z6oln35umohy13q22edqhr7e4ed5:latest/predictions_table.table.json", "_latest_artifact_path": "wandb-client-artifact://h6v9gvonju5x883x1vn1wco89f6ycsug37mcfbuw0r6r1nijhqkln3zxshacim5kzyi1x12nho748lgb99ufhn72j2laxdxilu17z6oln35umohy13q22edqhr7e4ed5:latest/predictions_table.table.json", "path": "media/table/predictions_table_9_3af6656ff91add03f2ed.table.json", "ncols": 3, "nrows": 300}, "_wandb": {"runtime": 73}}