{"train_loss": 0.3781558871269226, "val_loss": 0.2771080039441586, "accuracy": 0.923, "_timestamp": 1666066128.956883, "_runtime": 75.26923704147339, "_step": 9, "predictions_table": {"_type": "table-file", "sha256": "0937dab5328ddd366f73920e1024acc8bdbfb07d77032e223c7982b6637eff1d", "size": 3455, "artifact_path": "wandb-client-artifact://77s5zwm6l9m0f7eleetzd5fdy27ngxxyar534huq9wjcffa5n6tx7r0gv8djptije27k6iuj4q36ir2r9gdxjvz8knhxp9j7s84zz2edtec93rxk7hvnnkh728rioj3e:latest/predictions_table.table.json", "_latest_artifact_path": "wandb-client-artifact://77s5zwm6l9m0f7eleetzd5fdy27ngxxyar534huq9wjcffa5n6tx7r0gv8djptije27k6iuj4q36ir2r9gdxjvz8knhxp9j7s84zz2edtec93rxk7hvnnkh728rioj3e:latest/predictions_table.table.json", "path": "media/table/predictions_table_9_0937dab5328ddd366f73.table.json", "ncols": 3, "nrows": 200}, "_wandb": {"runtime": 73}}