{"train_loss": 0.10445807129144669, "val_loss": 0.1632361944913864, "accuracy": 0.949, "_timestamp": 1665861633.4074109, "_runtime": 76.95529985427856, "_step": 9, "predictions_table": {"_type": "table-file", "sha256": "f6a4bab4f1b07f31adc1024c98d8b7a587df61a81fca352a75e9708031d15b01", "size": 4407, "artifact_path": "wandb-client-artifact://aiuz5wl4pm16jcmd0vn50d24yyllf9ft3sovx98swe6tnmim7vdn9gg4840whr39ahjc6ittetqh132ti0mszrdfqpaigt48j4jzx75px3nxmex4s7uy3kpgm9y9hxap:latest/predictions_table.table.json", "_latest_artifact_path": "wandb-client-artifact://aiuz5wl4pm16jcmd0vn50d24yyllf9ft3sovx98swe6tnmim7vdn9gg4840whr39ahjc6ittetqh132ti0mszrdfqpaigt48j4jzx75px3nxmex4s7uy3kpgm9y9hxap:latest/predictions_table.table.json", "path": "media/table/predictions_table_9_f6a4bab4f1b07f31adc1.table.json", "ncols": 3, "nrows": 256}, "_wandb": {"runtime": 76}}