{"train_loss": 0.030907273292541504, "val_loss": 0.15196817517280578, "accuracy": 0.9655, "_timestamp": 1666073069.5181718, "_runtime": 80.21844577789307, "_step": 9, "predictions_table": {"_type": "table-file", "sha256": "53ef6bcf87d96860307a8087eb6168cd364c49a5e55c63a43401f911db25c611", "size": 6855, "artifact_path": "wandb-client-artifact://137gianjzq0735qmwwv9y0klveind13uwvr8eoqwesr647dmek5u7l49zo18kz6wgilkmr0ku3ds2aoy55h974u1rb6l6avp7kzo8p4w4edkig89gxumc9skvcqe2u94:latest/predictions_table.table.json", "_latest_artifact_path": "wandb-client-artifact://137gianjzq0735qmwwv9y0klveind13uwvr8eoqwesr647dmek5u7l49zo18kz6wgilkmr0ku3ds2aoy55h974u1rb6l6avp7kzo8p4w4edkig89gxumc9skvcqe2u94:latest/predictions_table.table.json", "path": "media/table/predictions_table_9_53ef6bcf87d96860307a.table.json", "ncols": 3, "nrows": 400}, "_wandb": {"runtime": 78}}