{"train_loss": 0.01950138434767723, "val_loss": 0.13989209439605474, "accuracy": 0.9585, "_timestamp": 1666067297.0419588, "_runtime": 115.8449637889862, "_step": 14, "predictions_table": {"_type": "table-file", "sha256": "eede6ceed2a4503837ab3c2421c4561cb490e6ea4380b79eed8810695e636bf4", "size": 3455, "artifact_path": "wandb-client-artifact://4hx1kdzijji8md00ln0ywq8cisc01y3q13jiei12hogrpvfv09aq33fp3j7sqtwbpodq5powp98fpdyrnw43qpp5baani3e3s7m1t99u90eqdi4tnxr6hb1izcyha25o:latest/predictions_table.table.json", "_latest_artifact_path": "wandb-client-artifact://4hx1kdzijji8md00ln0ywq8cisc01y3q13jiei12hogrpvfv09aq33fp3j7sqtwbpodq5powp98fpdyrnw43qpp5baani3e3s7m1t99u90eqdi4tnxr6hb1izcyha25o:latest/predictions_table.table.json", "path": "media/table/predictions_table_14_eede6ceed2a4503837ab.table.json", "ncols": 3, "nrows": 200}, "_wandb": {"runtime": 114}}