{"train_loss": 0.4991687834262848, "val_loss": 0.4157771781086922, "accuracy": 0.9, "_timestamp": 1666064843.459806, "_runtime": 43.38775897026062, "_step": 4, "predictions_table": {"_type": "table-file", "sha256": "b82de8e2c8553d8328fd07df5c73209f959d188749836010128ddf113beb9fdf", "size": 3455, "artifact_path": "wandb-client-artifact://bt1tz0vy88g6ygg3ikeydtjwz9lpshpwzlu8imu3031kbt2hkiltrf2groq421wvbwgd61sg404yq600n44gfd22oebqt8j5115he1v47jvw42perbbdc37f13cemv4c:latest/predictions_table.table.json", "_latest_artifact_path": "wandb-client-artifact://bt1tz0vy88g6ygg3ikeydtjwz9lpshpwzlu8imu3031kbt2hkiltrf2groq421wvbwgd61sg404yq600n44gfd22oebqt8j5115he1v47jvw42perbbdc37f13cemv4c:latest/predictions_table.table.json", "path": "media/table/predictions_table_4_b82de8e2c8553d8328fd.table.json", "ncols": 3, "nrows": 200}, "_wandb": {"runtime": 41}}