{"train_loss": 0.12784677743911743, "val_loss": 0.18686094105243684, "accuracy": 0.942, "_timestamp": 1666153099.338059, "_runtime": 92.24956583976746, "_step": 9, "predictions_table": {"_type": "table-file", "sha256": "ea979a2ea9c544d27b3c3169e56cfea7e8ad0e9d0770af9e8302977f872bf59c", "size": 4407, "artifact_path": "wandb-client-artifact://qn86xc94upqf6eypvzmcxlg12nuvtrff1o4j1ba4b8h6q2z52en5q4386puodx9f6o0k9dn1pfldbc0j34698r0sxngd9dzspgtwyz9jdwy4n1oyamuf8o13e2fziw3f:latest/predictions_table.table.json", "_latest_artifact_path": "wandb-client-artifact://qn86xc94upqf6eypvzmcxlg12nuvtrff1o4j1ba4b8h6q2z52en5q4386puodx9f6o0k9dn1pfldbc0j34698r0sxngd9dzspgtwyz9jdwy4n1oyamuf8o13e2fziw3f:latest/predictions_table.table.json", "path": "media/table/predictions_table_9_ea979a2ea9c544d27b3c.table.json", "ncols": 3, "nrows": 256}, "_wandb": {"runtime": 91}}