{"train_loss": 0.2032211869955063, "val_loss": 0.19808546565473079, "accuracy": 0.939, "_timestamp": 1666068461.187105, "_runtime": 38.862422943115234, "_step": 4, "predictions_table": {"_type": "table-file", "sha256": "687a47867413e34aaf206141a9f0611198ba805bbb98cf81e69dda826abefb02", "size": 5155, "artifact_path": "wandb-client-artifact://4rustn5k5yjlzftfclhh8np46muunhyte5y4n8ieimr26hi4nvrnjpgso5v7fhptiriuw6ph0vt5v7at7qr9lcpz5i88fl3wbrw2ov8vd2xse19cp0zfx1y0ouq20wi7:latest/predictions_table.table.json", "_latest_artifact_path": "wandb-client-artifact://4rustn5k5yjlzftfclhh8np46muunhyte5y4n8ieimr26hi4nvrnjpgso5v7fhptiriuw6ph0vt5v7at7qr9lcpz5i88fl3wbrw2ov8vd2xse19cp0zfx1y0ouq20wi7:latest/predictions_table.table.json", "path": "media/table/predictions_table_4_687a47867413e34aaf20.table.json", "ncols": 3, "nrows": 300}, "_wandb": {"runtime": 38}}