{"train_loss": 0.24412427842617035, "val_loss": 0.15272875986993312, "accuracy": 0.9605, "_timestamp": 1666061683.488756, "_runtime": 95.78043794631958, "_step": 9, "predictions_table": {"_type": "table-file", "sha256": "27e67d90bb013ab9878e574db8f07a75b1112a02515503997c774ef594cbbba8", "size": 3455, "artifact_path": "wandb-client-artifact://wpc8asplk3eb77p6lyuhkyf1bpahjud5u6ehecnenq3kcz6iojp8kj27p7bkrm6k48jjsbgyxhjrbxwx74tkabin8zays4be2bl3541g7sog4dl5gj1fobw3kgix8092:latest/predictions_table.table.json", "_latest_artifact_path": "wandb-client-artifact://wpc8asplk3eb77p6lyuhkyf1bpahjud5u6ehecnenq3kcz6iojp8kj27p7bkrm6k48jjsbgyxhjrbxwx74tkabin8zays4be2bl3541g7sog4dl5gj1fobw3kgix8092:latest/predictions_table.table.json", "path": "media/table/predictions_table_9_27e67d90bb013ab9878e.table.json", "ncols": 3, "nrows": 200}, "_wandb": {"runtime": 94}}