{"train_loss": 0.028420552611351013, "val_loss": 0.1671806514263153, "accuracy": 0.95, "_timestamp": 1665712392.876058, "_runtime": 70.96283507347107, "_step": 9, "_wandb": {"runtime": 69}}