{"train_loss": 0.4584271311759949, "val_loss": 0.36795384511351586, "accuracy": 0.907, "_timestamp": 1666068808.318861, "_runtime": 45.290019035339355, "_step": 4, "predictions_table": {"_type": "table-file", "sha256": "80b9dc526be88ec54d9d2a6653c37aad2df7ab32e27562e41ebd02124de0525a", "size": 5155, "artifact_path": "wandb-client-artifact://jvd49ew615mxm2ps3rl3ncg4dsi43zmnevpv9d5wa1y39okivqbgv23u4qw4ua4qu1m6tgiusr95ssgi6vibvmfycgbsw9y49zi4o9q2ds8nzpo9uofl4miubt9n3om7:latest/predictions_table.table.json", "_latest_artifact_path": "wandb-client-artifact://jvd49ew615mxm2ps3rl3ncg4dsi43zmnevpv9d5wa1y39okivqbgv23u4qw4ua4qu1m6tgiusr95ssgi6vibvmfycgbsw9y49zi4o9q2ds8nzpo9uofl4miubt9n3om7:latest/predictions_table.table.json", "path": "media/table/predictions_table_4_80b9dc526be88ec54d9d.table.json", "ncols": 3, "nrows": 300}, "_wandb": {"runtime": 44}}