{"train_loss": 0.021155478432774544, "val_loss": 0.228496565669775, "accuracy": 0.9535, "_timestamp": 1666066678.065344, "_runtime": 124.59929919242859, "_step": 14, "predictions_table": {"_type": "table-file", "sha256": "652775d39f92207c1a7e4391eae5d4eb18568aa504fbb0587b518e2a54e3cfc1", "size": 3455, "artifact_path": "wandb-client-artifact://11inheye9ox22d1pti0rizgl3b6ew5j5zc754lb5b4u5y62l4nyl98xrbi87x7xy4fv4w8qacbjq7g9fqw9jm85kk1giy7tr2yem9d70mjq0xfufmboq25ttp4y0cugx:latest/predictions_table.table.json", "_latest_artifact_path": "wandb-client-artifact://11inheye9ox22d1pti0rizgl3b6ew5j5zc754lb5b4u5y62l4nyl98xrbi87x7xy4fv4w8qacbjq7g9fqw9jm85kk1giy7tr2yem9d70mjq0xfufmboq25ttp4y0cugx:latest/predictions_table.table.json", "path": "media/table/predictions_table_14_652775d39f92207c1a7e.table.json", "ncols": 3, "nrows": 200}, "_wandb": {"runtime": 123}}