{"train_loss": 0.11154768615961075, "val_loss": 0.16103364676237106, "accuracy": 0.9485, "_timestamp": 1666064641.045779, "_runtime": 37.088759899139404, "_step": 4, "predictions_table": {"_type": "table-file", "sha256": "9d83ea92c6d6d167d842964f53ab787acc1b0f85b5fa0799d3aaabbbe71d1e42", "size": 3455, "artifact_path": "wandb-client-artifact://jwznrfi9ey87k98j3aboy7nma47idnonn38h7h3yshd3r3zw49890bokmis261202uxhmmznonqt6n0j0kbxt25oxka6c5wq585mej8782q2hq35pn5zt0uookaxkq8c:latest/predictions_table.table.json", "_latest_artifact_path": "wandb-client-artifact://jwznrfi9ey87k98j3aboy7nma47idnonn38h7h3yshd3r3zw49890bokmis261202uxhmmznonqt6n0j0kbxt25oxka6c5wq585mej8782q2hq35pn5zt0uookaxkq8c:latest/predictions_table.table.json", "path": "media/table/predictions_table_4_9d83ea92c6d6d167d842.table.json", "ncols": 3, "nrows": 200}, "_wandb": {"runtime": 35}}