{"train_loss": 0.30569005012512207, "val_loss": 0.31057216301560403, "accuracy": 0.9135, "_timestamp": 1666071945.346988, "_runtime": 109.42572402954102, "_step": 14, "predictions_table": {"_type": "table-file", "sha256": "c6c8146b3137a4961878771ac19bbdaee7251caeaeb53c78c45fb9542ee6dce6", "size": 5155, "artifact_path": "wandb-client-artifact://fqdbklcwkhpk2s0akt85525wtwj75ka5ocjbjjojqdjeufgnz7tqld2x2t3nx35zaw6y0gkdsi28aarq2abdovb3mi2u0j3nh76yuglxkyul5lzeg42bby843h58uigu:latest/predictions_table.table.json", "_latest_artifact_path": "wandb-client-artifact://fqdbklcwkhpk2s0akt85525wtwj75ka5ocjbjjojqdjeufgnz7tqld2x2t3nx35zaw6y0gkdsi28aarq2abdovb3mi2u0j3nh76yuglxkyul5lzeg42bby843h58uigu:latest/predictions_table.table.json", "path": "media/table/predictions_table_14_c6c8146b3137a4961878.table.json", "ncols": 3, "nrows": 300}, "_wandb": {"runtime": 108}}