{"train_loss": 0.28316283226013184, "val_loss": 0.29018459618091585, "accuracy": 0.922, "_timestamp": 1666066299.1690528, "_runtime": 77.25918674468994, "_step": 9, "predictions_table": {"_type": "table-file", "sha256": "6f4952669d3d204669848dae6f5d520b06744e35573717a79d1d92a11f2c317f", "size": 3455, "artifact_path": "wandb-client-artifact://k8ud3gf7ku1hidg88v4yscfp1e4p4hh0byddhlusrjy6lrdbplcdburixyp5akp4rymtdboc12yykyr7cwlx6tim7rj9c7fq83aswznvccg7ypw38ui8e9i5x8zz7y46:latest/predictions_table.table.json", "_latest_artifact_path": "wandb-client-artifact://k8ud3gf7ku1hidg88v4yscfp1e4p4hh0byddhlusrjy6lrdbplcdburixyp5akp4rymtdboc12yykyr7cwlx6tim7rj9c7fq83aswznvccg7ypw38ui8e9i5x8zz7y46:latest/predictions_table.table.json", "path": "media/table/predictions_table_9_6f4952669d3d20466984.table.json", "ncols": 3, "nrows": 200}, "_wandb": {"runtime": 75}}