{"train_loss": 0.021639157086610794, "val_loss": 0.18800213038921357, "accuracy": 0.956, "_timestamp": 1666069205.009813, "_runtime": 76.9872829914093, "_step": 9, "predictions_table": {"_type": "table-file", "sha256": "6a9c3a8aafe06491248a99d909b623d429c9152b05b533a32b96c1b090cac107", "size": 5155, "artifact_path": "wandb-client-artifact://j2fckedg31lu5vbqpuuv5zqq1eani6naa0j7mxklxd1ke82zh2lemhc043aoftekmpjo7mp11qesx91294x2v4e81f2ioorqqtjw6us8yfd00zf2lhzc78mu54cpn163:latest/predictions_table.table.json", "_latest_artifact_path": "wandb-client-artifact://j2fckedg31lu5vbqpuuv5zqq1eani6naa0j7mxklxd1ke82zh2lemhc043aoftekmpjo7mp11qesx91294x2v4e81f2ioorqqtjw6us8yfd00zf2lhzc78mu54cpn163:latest/predictions_table.table.json", "path": "media/table/predictions_table_9_6a9c3a8aafe06491248a.table.json", "ncols": 3, "nrows": 300}, "_wandb": {"runtime": 74}}