{"train_loss": 0.3286201059818268, "val_loss": 0.35658408850431444, "accuracy": 0.913, "_timestamp": 1666068904.6627269, "_runtime": 40.495569944381714, "_step": 4, "predictions_table": {"_type": "table-file", "sha256": "f24b87d7bc9f7a69d0ff05a19bcd09f13df891775e110ebd49111b88656288a8", "size": 5155, "artifact_path": "wandb-client-artifact://q5xscr079nmm3oy8f61w1l98sy4znytvb3yj3g60rq8r1qz4l48vwuo2rwpudf3nkylqzx6vdelrxu6zsz40589r9419e3bcaoxp3i2s0dhgk48c8wiol62lz263471n:latest/predictions_table.table.json", "_latest_artifact_path": "wandb-client-artifact://q5xscr079nmm3oy8f61w1l98sy4znytvb3yj3g60rq8r1qz4l48vwuo2rwpudf3nkylqzx6vdelrxu6zsz40589r9419e3bcaoxp3i2s0dhgk48c8wiol62lz263471n:latest/predictions_table.table.json", "path": "media/table/predictions_table_4_f24b87d7bc9f7a69d0ff.table.json", "ncols": 3, "nrows": 300}, "_wandb": {"runtime": 39}}