{"train_loss": 0.09807868301868439, "val_loss": 0.15673150792717933, "accuracy": 0.949, "_timestamp": 1666062148.0428312, "_runtime": 73.5568482875824, "_step": 9, "predictions_table": {"_type": "table-file", "sha256": "2afe40e85c3ca2603bc99a57b0e8704bf1a3d314f70e8c004d175ec3161aaae6", "size": 3455, "artifact_path": "wandb-client-artifact://17pu6wcupu1k2eb3nl8uz6r645z7rq2j9ffdp2unzmoir4lgw1tovq50tjqm6sks6q4vk674u53aj8g5zpqum17udn7nfszvda5n37ndm89yuypuwzx49dbetximavyj:latest/predictions_table.table.json", "_latest_artifact_path": "wandb-client-artifact://17pu6wcupu1k2eb3nl8uz6r645z7rq2j9ffdp2unzmoir4lgw1tovq50tjqm6sks6q4vk674u53aj8g5zpqum17udn7nfszvda5n37ndm89yuypuwzx49dbetximavyj:latest/predictions_table.table.json", "path": "media/table/predictions_table_9_2afe40e85c3ca2603bc9.table.json", "ncols": 3, "nrows": 200}, "_wandb": {"runtime": 72}}