{"train_loss": 0.00848537776619196, "val_loss": 0.1722719833254814, "accuracy": 0.9625, "_timestamp": 1666066545.0929742, "_runtime": 112.95818328857422, "_step": 14, "predictions_table": {"_type": "table-file", "sha256": "bf840e50a472e197604417845bc4fc432a6f3ef2706cf565410d7339dc431745", "size": 3455, "artifact_path": "wandb-client-artifact://t8pxjyyvy30th71lryrrx6woa9cpvdszaz8jxj4ej93v5ljmedwnjy8yod7jpxdt299y53lmfmylp3bskq1f3dlfmmvg6wj5558yslfmtg1zv0dikekhcyo2v2m3blt0:latest/predictions_table.table.json", "_latest_artifact_path": "wandb-client-artifact://t8pxjyyvy30th71lryrrx6woa9cpvdszaz8jxj4ej93v5ljmedwnjy8yod7jpxdt299y53lmfmylp3bskq1f3dlfmmvg6wj5558yslfmtg1zv0dikekhcyo2v2m3blt0:latest/predictions_table.table.json", "path": "media/table/predictions_table_14_bf840e50a472e1976044.table.json", "ncols": 3, "nrows": 200}, "_wandb": {"runtime": 111}}