{"train_loss": 0.01603127084672451, "val_loss": 0.16180693209171296, "accuracy": 0.9495, "_timestamp": 1666075272.834538, "_runtime": 104.43572306632996, "_step": 14, "predictions_table": {"_type": "table-file", "sha256": "4b24fd2f5e92e690b64e0d64c0939ffe9237631253094daeab0ead256ad90ec6", "size": 6855, "artifact_path": "wandb-client-artifact://o0cfzxmcqouqyggv103xrd9czuk7zl9xr58wsc8p9lbmpmt4ts2vkrgndqobgd75kd25ut26rd6nc3mb9zh7zth6ab88cxhw6d7rx7n7l43h7tg8epuym1cbgzwdnegf:latest/predictions_table.table.json", "_latest_artifact_path": "wandb-client-artifact://o0cfzxmcqouqyggv103xrd9czuk7zl9xr58wsc8p9lbmpmt4ts2vkrgndqobgd75kd25ut26rd6nc3mb9zh7zth6ab88cxhw6d7rx7n7l43h7tg8epuym1cbgzwdnegf:latest/predictions_table.table.json", "path": "media/table/predictions_table_14_4b24fd2f5e92e690b64e.table.json", "ncols": 3, "nrows": 400}, "_wandb": {"runtime": 103}}