{"train_loss": 0.12606775760650635, "val_loss": 0.1444609172642231, "accuracy": 0.962, "_timestamp": 1666066807.129445, "_runtime": 122.58473706245422, "_step": 14, "predictions_table": {"_type": "table-file", "sha256": "cd89fa8946e8008d0348283eb3050a03b0c0b7c229f4a63ce098d26953b9e0b6", "size": 3455, "artifact_path": "wandb-client-artifact://u6kpbssc43q93lqjif1n8ayvon4e6z6vhzdxuo0xvha9s5j0gdfny6hfcov3yks8uytdikzbu5kh1efgjsuhfwthew71m78ts6b6oxyry3n6zyj1wyjycpe7qeps45yd:latest/predictions_table.table.json", "_latest_artifact_path": "wandb-client-artifact://u6kpbssc43q93lqjif1n8ayvon4e6z6vhzdxuo0xvha9s5j0gdfny6hfcov3yks8uytdikzbu5kh1efgjsuhfwthew71m78ts6b6oxyry3n6zyj1wyjycpe7qeps45yd:latest/predictions_table.table.json", "path": "media/table/predictions_table_14_cd89fa8946e8008d0348.table.json", "ncols": 3, "nrows": 200}, "_wandb": {"runtime": 120}}