{"train_loss": 0.15153855085372925, "val_loss": 0.1440876666456461, "accuracy": 0.9585, "_timestamp": 1666064289.2047832, "_runtime": 61.338574171066284, "_step": 4, "predictions_table": {"_type": "table-file", "sha256": "42de54ab380379b9882bded232e8fa6ec6d96a95ef120a88e4adf929e3dc5e1d", "size": 3455, "artifact_path": "wandb-client-artifact://emja9yccd4pca1vow3pyau5ueffd7ijhs563kpw5wxzsup3qy3s2xv7xxu2l3zax1j4w879vbjanpckbx35z1g00r0uvckgyg0j4d1u8h1dwsxne71yydkaizpsmeyxd:latest/predictions_table.table.json", "_latest_artifact_path": "wandb-client-artifact://emja9yccd4pca1vow3pyau5ueffd7ijhs563kpw5wxzsup3qy3s2xv7xxu2l3zax1j4w879vbjanpckbx35z1g00r0uvckgyg0j4d1u8h1dwsxne71yydkaizpsmeyxd:latest/predictions_table.table.json", "path": "media/table/predictions_table_4_42de54ab380379b9882b.table.json", "ncols": 3, "nrows": 200}, "_wandb": {"runtime": 60}}