{"train_loss": 0.1407797932624817, "val_loss": 0.16046203747391702, "accuracy": 0.949, "_timestamp": 1666063344.694567, "_runtime": 114.82697606086731, "_step": 14, "predictions_table": {"_type": "table-file", "sha256": "111f9725cc7c1937202d4616ab524594b1657921d45a34a8e0044dad5702402d", "size": 3455, "artifact_path": "wandb-client-artifact://7z5hqjcn80zx6z705kmzf61jp32lw269fruvfuizt5duvf8ypvo7ao49nx4ewd6hjnt9hhjegtzif2htshjpfcgmaf63q5omiflqkvflixr73zz6y7fu6zgzpq2ku3v9:latest/predictions_table.table.json", "_latest_artifact_path": "wandb-client-artifact://7z5hqjcn80zx6z705kmzf61jp32lw269fruvfuizt5duvf8ypvo7ao49nx4ewd6hjnt9hhjegtzif2htshjpfcgmaf63q5omiflqkvflixr73zz6y7fu6zgzpq2ku3v9:latest/predictions_table.table.json", "path": "media/table/predictions_table_14_111f9725cc7c1937202d.table.json", "ncols": 3, "nrows": 200}, "_wandb": {"runtime": 114}}