{"train_loss": 0.3465803861618042, "val_loss": 0.2585535503923893, "accuracy": 0.9275, "_timestamp": 1666062401.375345, "_runtime": 74.24762487411499, "_step": 9, "predictions_table": {"_type": "table-file", "sha256": "7706103987ba9590d9d5bfcf311db454ae37bc5fb5ae28a926993f56b8dc9b6d", "size": 3455, "artifact_path": "wandb-client-artifact://7zdn9z58lbv3kda86knajfxf2tw1sco714mgsj70vvtlmcnuzvk4cgjtrhsjihxhpsh5qguy2p5xhlxgsjf2dp7gc82k90tec8uxiso2yqqmn45pwl994yr2f9ac2byh:latest/predictions_table.table.json", "_latest_artifact_path": "wandb-client-artifact://7zdn9z58lbv3kda86knajfxf2tw1sco714mgsj70vvtlmcnuzvk4cgjtrhsjihxhpsh5qguy2p5xhlxgsjf2dp7gc82k90tec8uxiso2yqqmn45pwl994yr2f9ac2byh:latest/predictions_table.table.json", "path": "media/table/predictions_table_9_7706103987ba9590d9d5.table.json", "ncols": 3, "nrows": 200}, "_wandb": {"runtime": 72}}