{"train_loss": 0.02348695695400238, "val_loss": 0.1512199215590954, "accuracy": 0.958, "_timestamp": 1666067175.0290189, "_runtime": 110.72438883781433, "_step": 14, "predictions_table": {"_type": "table-file", "sha256": "3ddcd3be2af2538e0bb9b38b3528fe2e491a93aa54f4ffc0773dc4fccce9d35b", "size": 3455, "artifact_path": "wandb-client-artifact://165ly6ew3exk9hwnp6euvba05qdg6kphuptf0us4ctoe8qp2h2i50o84oro8rau70rk3t20otxfxtxs8id0ep2tebra5w8wqf4un09bqhvg8saocu0ysftrwm118haac:latest/predictions_table.table.json", "_latest_artifact_path": "wandb-client-artifact://165ly6ew3exk9hwnp6euvba05qdg6kphuptf0us4ctoe8qp2h2i50o84oro8rau70rk3t20otxfxtxs8id0ep2tebra5w8wqf4un09bqhvg8saocu0ysftrwm118haac:latest/predictions_table.table.json", "path": "media/table/predictions_table_14_3ddcd3be2af2538e0bb9.table.json", "ncols": 3, "nrows": 200}, "_wandb": {"runtime": 109}}