{"train_loss": 0.1153416633605957, "val_loss": 0.18107165729999541, "accuracy": 0.9415, "_timestamp": 1665712235.160726, "_runtime": 79.8896861076355, "_step": 9, "_wandb": {"runtime": 78}}