{"train_loss": 0.048181697726249695, "val_loss": 0.16671105176210405, "accuracy": 0.9455, "_timestamp": 1666073770.780704, "_runtime": 77.78937697410583, "_step": 9, "predictions_table": {"_type": "table-file", "sha256": "ab851702e497abd902d08adc9cfe8258199c02aabdb7382c9ce76697e44d453b", "size": 6855, "artifact_path": "wandb-client-artifact://10uzo9bbbr8b4jb25u3f26iu6ez71kq298g0hoimxpqth5fvbhq577g9it4gmuszjff1n50k82eor0zg7zkmjr6ugcw11e39umnx0om2dsso3g85f9t6aq2ygvpdssyw:latest/predictions_table.table.json", "_latest_artifact_path": "wandb-client-artifact://10uzo9bbbr8b4jb25u3f26iu6ez71kq298g0hoimxpqth5fvbhq577g9it4gmuszjff1n50k82eor0zg7zkmjr6ugcw11e39umnx0om2dsso3g85f9t6aq2ygvpdssyw:latest/predictions_table.table.json", "path": "media/table/predictions_table_9_ab851702e497abd902d0.table.json", "ncols": 3, "nrows": 400}, "_wandb": {"runtime": 76}}