{"train_loss": 0.019853774458169937, "val_loss": 0.15413979840278624, "accuracy": 0.948, "_timestamp": 1666153369.148957, "_runtime": 72.94983410835266, "_step": 9, "predictions_table": {"_type": "table-file", "sha256": "7a71dcfe84555b70207b9f831b35bec8c81f7c93b676891e157fd569265abd8d", "size": 4407, "artifact_path": "wandb-client-artifact://lwkz7xjyic88h2o87h6adrqn8m75zdmsrv4kjt8zl691iauq7a4m8v1us8s24u0a7gb79od3qdzcmlbsjkzzvivhiz8wv198sj24nn0c110vbjpfes145ze7sstmr5m1:latest/predictions_table.table.json", "_latest_artifact_path": "wandb-client-artifact://lwkz7xjyic88h2o87h6adrqn8m75zdmsrv4kjt8zl691iauq7a4m8v1us8s24u0a7gb79od3qdzcmlbsjkzzvivhiz8wv198sj24nn0c110vbjpfes145ze7sstmr5m1:latest/predictions_table.table.json", "path": "media/table/predictions_table_9_7a71dcfe84555b70207b.table.json", "ncols": 3, "nrows": 256}, "_wandb": {"runtime": 71}}