{"train_loss": 0.052015699446201324, "val_loss": 0.15360117331147194, "accuracy": 0.956, "_timestamp": 1666065868.402425, "_runtime": 74.96907615661621, "_step": 9, "predictions_table": {"_type": "table-file", "sha256": "f25dd29c54a9c066266c0fd37e1815ed68f5528b6163dbd7e8492199519f3ee8", "size": 3455, "artifact_path": "wandb-client-artifact://d5h6bkeqmb7x73oqu1ni559wx49e5zmjdt1mw022a60dm1894o4et4fc1nrzo2qdgddfr2a7c6gfhh0rxyd2os9flpv9im4dwm5rdc7kvzjyrk708p1kug1shuiwl812:latest/predictions_table.table.json", "_latest_artifact_path": "wandb-client-artifact://d5h6bkeqmb7x73oqu1ni559wx49e5zmjdt1mw022a60dm1894o4et4fc1nrzo2qdgddfr2a7c6gfhh0rxyd2os9flpv9im4dwm5rdc7kvzjyrk708p1kug1shuiwl812:latest/predictions_table.table.json", "path": "media/table/predictions_table_9_f25dd29c54a9c066266c.table.json", "ncols": 3, "nrows": 200}, "_wandb": {"runtime": 73}}