{"train_loss": 0.16400864720344543, "val_loss": 0.16173492446541787, "accuracy": 0.9525, "_timestamp": 1666069368.254775, "_runtime": 71.40883207321167, "_step": 9, "predictions_table": {"_type": "table-file", "sha256": "2e5fc6f89e84b32a8b986624be41ae6d6f6704c7070ad71a290fcea92872e76c", "size": 5155, "artifact_path": "wandb-client-artifact://fw93hb14nz173s6vmm4c454ejubqz0vikzcq9xgo9twj144qjgql7afi5l6m02r3blet7g6ihvocpzzkhvh2egbrmbqcz5feap0u6r9zs4rflnfdf1p9jj1c2t8demni:latest/predictions_table.table.json", "_latest_artifact_path": "wandb-client-artifact://fw93hb14nz173s6vmm4c454ejubqz0vikzcq9xgo9twj144qjgql7afi5l6m02r3blet7g6ihvocpzzkhvh2egbrmbqcz5feap0u6r9zs4rflnfdf1p9jj1c2t8demni:latest/predictions_table.table.json", "path": "media/table/predictions_table_9_2e5fc6f89e84b32a8b98.table.json", "ncols": 3, "nrows": 300}, "_wandb": {"runtime": 70}}