{"train_loss": 0.17696285247802734, "val_loss": 0.23213987797498703, "accuracy": 0.9315, "_timestamp": 1666071708.3872068, "_runtime": 115.43583989143372, "_step": 14, "predictions_table": {"_type": "table-file", "sha256": "95a8ef1429256efc304d0197d0e5563c507059b36ec9287f326ae26f4da2c413", "size": 5155, "artifact_path": "wandb-client-artifact://wrq0fllr03khh5rllokyrkhci0udclibi4wbzeyf2nv8xhk0cbs7iergm0oiew3ir2tuo7z3p90oydv6z434w97cshv8q31lbf06kpoew8t3otyjujexr2zxomr5e4qd:latest/predictions_table.table.json", "_latest_artifact_path": "wandb-client-artifact://wrq0fllr03khh5rllokyrkhci0udclibi4wbzeyf2nv8xhk0cbs7iergm0oiew3ir2tuo7z3p90oydv6z434w97cshv8q31lbf06kpoew8t3otyjujexr2zxomr5e4qd:latest/predictions_table.table.json", "path": "media/table/predictions_table_14_95a8ef1429256efc304d.table.json", "ncols": 3, "nrows": 300}, "_wandb": {"runtime": 113}}