{"train_loss": 0.2712514102458954, "val_loss": 0.2675259932875633, "accuracy": 0.9205, "_timestamp": 1666067776.402219, "_runtime": 104.07297897338867, "_step": 14, "predictions_table": {"_type": "table-file", "sha256": "34218d254f1c8f627f2ae38a62f813e8cdd5700861cd4790d9ed4821ef020363", "size": 3455, "artifact_path": "wandb-client-artifact://1v0h10xkwl8whese05z6x0q623f5u34s7o62tjhuaso3kgi55gr422089eon3qyvbpz3xj23ugx0pa6z57ioopbb9v9ibaco47hvaktg9jmeqnw6zuloepvkkn1w9vth:latest/predictions_table.table.json", "_latest_artifact_path": "wandb-client-artifact://1v0h10xkwl8whese05z6x0q623f5u34s7o62tjhuaso3kgi55gr422089eon3qyvbpz3xj23ugx0pa6z57ioopbb9v9ibaco47hvaktg9jmeqnw6zuloepvkkn1w9vth:latest/predictions_table.table.json", "path": "media/table/predictions_table_14_34218d254f1c8f627f2a.table.json", "ncols": 3, "nrows": 200}, "_wandb": {"runtime": 102}}