{"train_loss": 0.26638078689575195, "val_loss": 0.1664539396762848, "accuracy": 0.9435, "_timestamp": 1666153639.225701, "_runtime": 47.29087209701538, "_step": 4, "predictions_table": {"_type": "table-file", "sha256": "ddba644733776f9eda5d242c63a2c0f9dc37bbfe563050abc7d0631532486197", "size": 3455, "artifact_path": "wandb-client-artifact://10kkz0llv7pq9qis9q1gxdp62makd12yflqn3mp99u0wn7m5tmbmyghqcvzjt915454010thmouufg9q9d0dpbpwh70wux3kzfa8j3c5503qp5u0p6663b02yhm5nxu9:latest/predictions_table.table.json", "_latest_artifact_path": "wandb-client-artifact://10kkz0llv7pq9qis9q1gxdp62makd12yflqn3mp99u0wn7m5tmbmyghqcvzjt915454010thmouufg9q9d0dpbpwh70wux3kzfa8j3c5503qp5u0p6663b02yhm5nxu9:latest/predictions_table.table.json", "path": "media/table/predictions_table_4_ddba644733776f9eda5d.table.json", "ncols": 3, "nrows": 200}, "_wandb": {"runtime": 45}}