{"train_loss": 0.18661348521709442, "val_loss": 0.19850117489695548, "accuracy": 0.942, "_timestamp": 1666068519.197088, "_runtime": 45.192631006240845, "_step": 4, "predictions_table": {"_type": "table-file", "sha256": "4168a1c6f712710f933d9946306189e84905bb0244b80194fb3df4336d57790e", "size": 5155, "artifact_path": "wandb-client-artifact://j9uzrlwaplvmgxzsk80akjjwg80evn1fzdm699x2ow35elvnebjepasbf6v9xd55znuuiw0k1g0963gvd6jb7bbndga35g5842ifh68hy0zumd250fdr69w38cixvlki:latest/predictions_table.table.json", "_latest_artifact_path": "wandb-client-artifact://j9uzrlwaplvmgxzsk80akjjwg80evn1fzdm699x2ow35elvnebjepasbf6v9xd55znuuiw0k1g0963gvd6jb7bbndga35g5842ifh68hy0zumd250fdr69w38cixvlki:latest/predictions_table.table.json", "path": "media/table/predictions_table_4_4168a1c6f712710f933d.table.json", "ncols": 3, "nrows": 300}, "_wandb": {"runtime": 43}}