{"train_loss": 0.02046862058341503, "val_loss": 0.15264349842071534, "accuracy": 0.953, "_timestamp": 1666153458.2769961, "_runtime": 76.71307706832886, "_step": 9, "predictions_table": {"_type": "table-file", "sha256": "f7d948030f81c73f2887cf47548441846cb1dfa3eda254ea9fc932f66eb1a3c8", "size": 4407, "artifact_path": "wandb-client-artifact://fgrkb4sbbcvedzkrc4omydjl2qwa9jby6o7x088nuzpwsadpftxsyseng7bksjb6p0nlye3eaum09b4b591a94wi6xqqtx9xfj9w0drl3fhjknvtx75l1z7krtqmkn81:latest/predictions_table.table.json", "_latest_artifact_path": "wandb-client-artifact://fgrkb4sbbcvedzkrc4omydjl2qwa9jby6o7x088nuzpwsadpftxsyseng7bksjb6p0nlye3eaum09b4b591a94wi6xqqtx9xfj9w0drl3fhjknvtx75l1z7krtqmkn81:latest/predictions_table.table.json", "path": "media/table/predictions_table_9_f7d948030f81c73f2887.table.json", "ncols": 3, "nrows": 256}, "_wandb": {"runtime": 75}}