{"train_loss": 0.07444965094327927, "val_loss": 0.14521530214697123, "accuracy": 0.962, "_timestamp": 1666064214.1704168, "_runtime": 61.1348397731781, "_step": 4, "predictions_table": {"_type": "table-file", "sha256": "113ceea0814a3ded069e4f14a418b855549053e8dca432a9c4deb6ba4094a10c", "size": 3455, "artifact_path": "wandb-client-artifact://piyoelzriitv78izpalst6m551qblgys9f1untnh3y92p6k9yqmosivxva3e7t79wqrgbgsgnkyod1xj2vk70o78cdi96i0yk282rmsd2r1wuhaunpey7zt7ie0c04p5:latest/predictions_table.table.json", "_latest_artifact_path": "wandb-client-artifact://piyoelzriitv78izpalst6m551qblgys9f1untnh3y92p6k9yqmosivxva3e7t79wqrgbgsgnkyod1xj2vk70o78cdi96i0yk282rmsd2r1wuhaunpey7zt7ie0c04p5:latest/predictions_table.table.json", "path": "media/table/predictions_table_4_113ceea0814a3ded069e.table.json", "ncols": 3, "nrows": 200}, "_wandb": {"runtime": 60}}