{"train_loss": 0.08190055936574936, "val_loss": 0.16133090406656264, "accuracy": 0.951, "_timestamp": 1666072127.01338, "_runtime": 41.39139914512634, "_step": 4, "predictions_table": {"_type": "table-file", "sha256": "5e96b786bf2b6741eabb110b170787ea66198055e447e761edc9938f7b21ad10", "size": 6855, "artifact_path": "wandb-client-artifact://171o61efqe92233uwgohd4sdk15jfb03xas6unsjibtgzt29h61ivatpjxy1gvoy9dychxgc9kp9se3ut5vwzfa3697ysf574mv8igihnhslkl4w4q13mvbj10oxdjdj:latest/predictions_table.table.json", "_latest_artifact_path": "wandb-client-artifact://171o61efqe92233uwgohd4sdk15jfb03xas6unsjibtgzt29h61ivatpjxy1gvoy9dychxgc9kp9se3ut5vwzfa3697ysf574mv8igihnhslkl4w4q13mvbj10oxdjdj:latest/predictions_table.table.json", "path": "media/table/predictions_table_4_5e96b786bf2b6741eabb.table.json", "ncols": 3, "nrows": 400}, "_wandb": {"runtime": 40}}