{"train_loss": 0.002944743959233165, "val_loss": 0.1779623195528984, "accuracy": 0.956, "_timestamp": 1666072976.367459, "_runtime": 85.03912115097046, "_step": 9, "predictions_table": {"_type": "table-file", "sha256": "dfa1688e57a592aaeea80820ee07721c81f6008a1b0e2f7987997c228c47826d", "size": 6855, "artifact_path": "wandb-client-artifact://12jdmjxzfh9l6xq492xg5zjeuga9d6yi3wmxixuhzvoh3i1kag4964c4p7iz34md0bm4x9iz83ucudoyxebri8zyybjh8ctwovbtv4kxzxzwt284tel3vvluvzmm3gx8:latest/predictions_table.table.json", "_latest_artifact_path": "wandb-client-artifact://12jdmjxzfh9l6xq492xg5zjeuga9d6yi3wmxixuhzvoh3i1kag4964c4p7iz34md0bm4x9iz83ucudoyxebri8zyybjh8ctwovbtv4kxzxzwt284tel3vvluvzmm3gx8:latest/predictions_table.table.json", "path": "media/table/predictions_table_9_dfa1688e57a592aaeea8.table.json", "ncols": 3, "nrows": 400}, "_wandb": {"runtime": 84}}