{"train_loss": 0.06880345940589905, "val_loss": 0.14123900067061185, "accuracy": 0.9545, "_timestamp": 1666069120.3814662, "_runtime": 71.12503123283386, "_step": 9, "predictions_table": {"_type": "table-file", "sha256": "485674671905e488adc9df1a83b4ee869819e32f4dbe2ca6d4f1ed84b1879a16", "size": 5155, "artifact_path": "wandb-client-artifact://17pwzmkoj6ccan0dvufo88tvfgd1e77ap7u0jvio9qdin1zj5a6hbltym2yl8qijhtz2nq5vc6f3y7pu3qt7yp8piu15nsf9wpyiyjbzk9p8xlu8ftu8qm4olephrfcc:latest/predictions_table.table.json", "_latest_artifact_path": "wandb-client-artifact://17pwzmkoj6ccan0dvufo88tvfgd1e77ap7u0jvio9qdin1zj5a6hbltym2yl8qijhtz2nq5vc6f3y7pu3qt7yp8piu15nsf9wpyiyjbzk9p8xlu8ftu8qm4olephrfcc:latest/predictions_table.table.json", "path": "media/table/predictions_table_9_485674671905e488adc9.table.json", "ncols": 3, "nrows": 300}, "_wandb": {"runtime": 69}}