{"train_loss": 0.21391507983207703, "val_loss": 0.3196450799703598, "accuracy": 0.9135, "_timestamp": 1666064787.388897, "_runtime": 36.721246004104614, "_step": 4, "predictions_table": {"_type": "table-file", "sha256": "11700f4521482fa22ebdbae76114e20026e8b8bd2b62731ee3866df27911d5f2", "size": 3455, "artifact_path": "wandb-client-artifact://u407wf3rvx78oev9jt795oq6sg12ms1wnwi6da2ex49f2hfrm47r3p0uzv1ar1xrla2zgjt0swy7c5nl5vpuzq7sg8g9fzej82tkzjc7f3hx7n9hjyzi46l4itscy44l:latest/predictions_table.table.json", "_latest_artifact_path": "wandb-client-artifact://u407wf3rvx78oev9jt795oq6sg12ms1wnwi6da2ex49f2hfrm47r3p0uzv1ar1xrla2zgjt0swy7c5nl5vpuzq7sg8g9fzej82tkzjc7f3hx7n9hjyzi46l4itscy44l:latest/predictions_table.table.json", "path": "media/table/predictions_table_4_11700f4521482fa22ebd.table.json", "ncols": 3, "nrows": 200}, "_wandb": {"runtime": 36}}