{"train_loss": 0.2227458655834198, "val_loss": 0.30554307624697685, "accuracy": 0.919, "_timestamp": 1666070030.6428869, "_runtime": 71.83575487136841, "_step": 9, "predictions_table": {"_type": "table-file", "sha256": "05405ad6c73250d4cf1408e0e9d27308cd61a5db4e541653aebf463184309c82", "size": 5155, "artifact_path": "wandb-client-artifact://19uzcyejm1pt90nzpz3mgpoqs7ridifqq880ygy806xwgoev3fjc2i3loy53etdasuhv2h2wyc845ou2d34h7fqigd03ifb1tyjcinc2tdivgdflp0vog6tyomw0jqe3:latest/predictions_table.table.json", "_latest_artifact_path": "wandb-client-artifact://19uzcyejm1pt90nzpz3mgpoqs7ridifqq880ygy806xwgoev3fjc2i3loy53etdasuhv2h2wyc845ou2d34h7fqigd03ifb1tyjcinc2tdivgdflp0vog6tyomw0jqe3:latest/predictions_table.table.json", "path": "media/table/predictions_table_9_05405ad6c73250d4cf14.table.json", "ncols": 3, "nrows": 300}, "_wandb": {"runtime": 70}}