{"train_loss": 0.07317915558815002, "val_loss": 0.15243521630764006, "accuracy": 0.959, "_timestamp": 1666065269.708862, "_runtime": 83.65256094932556, "_step": 9, "predictions_table": {"_type": "table-file", "sha256": "30a4c4b1776fb12137e8079b2442a796593bf369bac82451005e05fb5f4ff467", "size": 3455, "artifact_path": "wandb-client-artifact://myu29ufs2l1br0kdt44cudm2lesy2agndr9grcmidr3ct69pb1rrgjqflr0mmu7ugogti5twyvkcbsiwus8ot240zn6kg8q8r0px1vz731jtb9c5l9jopi8vcpl62jj5:latest/predictions_table.table.json", "_latest_artifact_path": "wandb-client-artifact://myu29ufs2l1br0kdt44cudm2lesy2agndr9grcmidr3ct69pb1rrgjqflr0mmu7ugogti5twyvkcbsiwus8ot240zn6kg8q8r0px1vz731jtb9c5l9jopi8vcpl62jj5:latest/predictions_table.table.json", "path": "media/table/predictions_table_9_30a4c4b1776fb12137e8.table.json", "ncols": 3, "nrows": 200}, "_wandb": {"runtime": 82}}