{"train_loss": 0.042368363589048386, "val_loss": 0.18749498538672923, "accuracy": 0.9515, "_timestamp": 1666068409.9000142, "_runtime": 41.70237922668457, "_step": 4, "predictions_table": {"_type": "table-file", "sha256": "5b04c5a621f8477fa08ed813f4ab93c75858f7a6faa524a52c89540d38dab5b4", "size": 5155, "artifact_path": "wandb-client-artifact://qwsprrtw2ri05y89q4zx57vpizttt6qjkg603y6jo1ct3jaqekb1by8rxaep2j938jj32g88mhmr0qk0oof1ykdsu0l66yvooobl59ctdv8v27nlx2s9blad2w8wsso4:latest/predictions_table.table.json", "_latest_artifact_path": "wandb-client-artifact://qwsprrtw2ri05y89q4zx57vpizttt6qjkg603y6jo1ct3jaqekb1by8rxaep2j938jj32g88mhmr0qk0oof1ykdsu0l66yvooobl59ctdv8v27nlx2s9blad2w8wsso4:latest/predictions_table.table.json", "path": "media/table/predictions_table_4_5b04c5a621f8477fa08e.table.json", "ncols": 3, "nrows": 300}, "_wandb": {"runtime": 40}}