{"train_loss": 0.0498187392950058, "val_loss": 0.16542009711265565, "accuracy": 0.95, "_timestamp": 1666073420.5352619, "_runtime": 74.86945796012878, "_step": 9, "predictions_table": {"_type": "table-file", "sha256": "3d3b91e1c01d29c3343855499995dd000f4b43e2493aca2db2acdb44766614f6", "size": 6855, "artifact_path": "wandb-client-artifact://9f6tbkl51wmiw2ijvpzn4bw620ogizdkr18lnw72yl9rnh0sx450f3kcjuo7bf6rs4x2bun64atn6qpxuszcy70bm24pzgmg9a5aa2d26vbptxp3jartatlr877r1ne6:latest/predictions_table.table.json", "_latest_artifact_path": "wandb-client-artifact://9f6tbkl51wmiw2ijvpzn4bw620ogizdkr18lnw72yl9rnh0sx450f3kcjuo7bf6rs4x2bun64atn6qpxuszcy70bm24pzgmg9a5aa2d26vbptxp3jartatlr877r1ne6:latest/predictions_table.table.json", "path": "media/table/predictions_table_9_3d3b91e1c01d29c33438.table.json", "ncols": 3, "nrows": 400}, "_wandb": {"runtime": 74}}