{"train_loss": 0.08773085474967957, "val_loss": 0.1477888712659478, "accuracy": 0.9555, "_timestamp": 1666153698.202503, "_runtime": 45.226629972457886, "_step": 4, "predictions_table": {"_type": "table-file", "sha256": "8ee5386a44b80ee4125440609338b46af6578ca96de151e356ae73cdc682bc73", "size": 3455, "artifact_path": "wandb-client-artifact://10wc5qlp3x02zhtfte71egvz5hgh1ls7zjzsi1rp10xnd8c72i7r8y5vau3lnqkai4nt3ks782gqfhgtiewk1qv7riv1h7pwfcznw69dqr8qus82iqmwmyzp5hn4rycm:latest/predictions_table.table.json", "_latest_artifact_path": "wandb-client-artifact://10wc5qlp3x02zhtfte71egvz5hgh1ls7zjzsi1rp10xnd8c72i7r8y5vau3lnqkai4nt3ks782gqfhgtiewk1qv7riv1h7pwfcznw69dqr8qus82iqmwmyzp5hn4rycm:latest/predictions_table.table.json", "path": "media/table/predictions_table_4_8ee5386a44b80ee41254.table.json", "ncols": 3, "nrows": 200}, "_wandb": {"runtime": 43}}