{"train_loss": 0.16875505447387695, "val_loss": 0.16338840164244176, "accuracy": 0.9475, "_timestamp": 1666071450.912065, "_runtime": 111.81943106651306, "_step": 14, "predictions_table": {"_type": "table-file", "sha256": "318369968ee93f8f8e31d0d9a862bddbd4a0bc0d617b519fbf22f3f28ad5c345", "size": 5155, "artifact_path": "wandb-client-artifact://lbo7fyqf9xsy1eoe77kiotpsr0lsyzuk04062pya37y1wjyiw0707hk20bth6y9ohladshmso61g707e2465yyn3g990mr3qv1hrpymdsfj8c8k0hi3vzzfwy6654a7r:latest/predictions_table.table.json", "_latest_artifact_path": "wandb-client-artifact://lbo7fyqf9xsy1eoe77kiotpsr0lsyzuk04062pya37y1wjyiw0707hk20bth6y9ohladshmso61g707e2465yyn3g990mr3qv1hrpymdsfj8c8k0hi3vzzfwy6654a7r:latest/predictions_table.table.json", "path": "media/table/predictions_table_14_318369968ee93f8f8e31.table.json", "ncols": 3, "nrows": 300}, "_wandb": {"runtime": 110}}