{"train_loss": 0.031554922461509705, "val_loss": 0.14708458852767944, "accuracy": 0.953, "_timestamp": 1666153195.761173, "_runtime": 85.16043901443481, "_step": 9, "predictions_table": {"_type": "table-file", "sha256": "c56060743de9d8a5b438b7412ed63a7dce2b37302fd86eafc84ebceaa2eb9004", "size": 4407, "artifact_path": "wandb-client-artifact://a5z67sz2j28sdmga6q03sk7d8m8v3oi42vl5a5lr1i12eh3o6cz8emr6e2tkau01i8als6t9tm2m84e4hjmxdd7igyh3gf503j1vv71yh97raq7l5l7bi644opkrxn86:latest/predictions_table.table.json", "_latest_artifact_path": "wandb-client-artifact://a5z67sz2j28sdmga6q03sk7d8m8v3oi42vl5a5lr1i12eh3o6cz8emr6e2tkau01i8als6t9tm2m84e4hjmxdd7igyh3gf503j1vv71yh97raq7l5l7bi644opkrxn86:latest/predictions_table.table.json", "path": "media/table/predictions_table_9_c56060743de9d8a5b438.table.json", "ncols": 3, "nrows": 256}, "_wandb": {"runtime": 83}}