{"train_loss": 0.005089667625725269, "val_loss": 0.1530536675825715, "accuracy": 0.957, "_timestamp": 1666070975.773679, "_runtime": 113.6005449295044, "_step": 14, "predictions_table": {"_type": "table-file", "sha256": "dc23647edd517810b1d34f361dee730d524f32e603ec5f857a2e4f306c7c1240", "size": 5155, "artifact_path": "wandb-client-artifact://12lx413iyvhqkz7ijagn859gjinukcxdipj3xup4kngk8h40g9bzikya7t151pq6t85j9r4zztgd22ta6k6nmruffve1fewzkbimf911jn0jsuhsfu6nm6r9fscpqwoq:latest/predictions_table.table.json", "_latest_artifact_path": "wandb-client-artifact://12lx413iyvhqkz7ijagn859gjinukcxdipj3xup4kngk8h40g9bzikya7t151pq6t85j9r4zztgd22ta6k6nmruffve1fewzkbimf911jn0jsuhsfu6nm6r9fscpqwoq:latest/predictions_table.table.json", "path": "media/table/predictions_table_14_dc23647edd517810b1d3.table.json", "ncols": 3, "nrows": 300}, "_wandb": {"runtime": 113}}