{"train_loss": 0.22484371066093445, "val_loss": 0.14866841062903405, "accuracy": 0.9525, "_timestamp": 1666061306.243586, "_runtime": 74.09851312637329, "_step": 9, "predictions_table": {"_type": "table-file", "sha256": "1a98fd6e17b3c8352cf32b67ff7c65957a09202ab4d2dad3ea43d1719775e4af", "size": 3455, "artifact_path": "wandb-client-artifact://154hd9x6ysywqgidltywoe4c65ozeld858h1fcdl710ekvocp8yzfz753ce9p6ok83qc1i7xrdw9h6khhyfbfm1o9xk41spdu5as08wlp20t50q8l7h28b3gbwi0xzhr:latest/predictions_table.table.json", "_latest_artifact_path": "wandb-client-artifact://154hd9x6ysywqgidltywoe4c65ozeld858h1fcdl710ekvocp8yzfz753ce9p6ok83qc1i7xrdw9h6khhyfbfm1o9xk41spdu5as08wlp20t50q8l7h28b3gbwi0xzhr:latest/predictions_table.table.json", "path": "media/table/predictions_table_9_1a98fd6e17b3c8352cf3.table.json", "ncols": 3, "nrows": 200}, "_wandb": {"runtime": 73}}