{"train_loss": 0.06392249464988708, "val_loss": 0.1497368348762393, "accuracy": 0.9535, "_timestamp": 1666067542.7926989, "_runtime": 112.24513697624207, "_step": 14, "predictions_table": {"_type": "table-file", "sha256": "9f7d512cc2f2bb5a865626ca0b26ce79bac4e839125f039498fd54f7e841f189", "size": 3455, "artifact_path": "wandb-client-artifact://50mgrykhigk5ku2978zzfz7y92z1g2jb368rgdlxz02jbraoxe8631glihu1kjbsd4lry1w99bg545jfju9onbpqx48ir1ts3ynfak0okxgq4102a8g9ell7l7k5a9np:latest/predictions_table.table.json", "_latest_artifact_path": "wandb-client-artifact://50mgrykhigk5ku2978zzfz7y92z1g2jb368rgdlxz02jbraoxe8631glihu1kjbsd4lry1w99bg545jfju9onbpqx48ir1ts3ynfak0okxgq4102a8g9ell7l7k5a9np:latest/predictions_table.table.json", "path": "media/table/predictions_table_14_9f7d512cc2f2bb5a8656.table.json", "ncols": 3, "nrows": 200}, "_wandb": {"runtime": 110}}