{"train_loss": 0.1440095454454422, "val_loss": 0.18198693990707399, "accuracy": 0.946, "_timestamp": 1666072556.615257, "_runtime": 40.28390312194824, "_step": 4, "predictions_table": {"_type": "table-file", "sha256": "093625f0e706225cb6954db9d1def20e81f2fd5c1361b0de8f1b5e508b17e3be", "size": 6855, "artifact_path": "wandb-client-artifact://2lphrxpq7d4dfyluye8p3uhrbaz79n8wt04ltvgd553goha4af3x2hj8mbyw7qaxljbhklpe3l3q0rsp67b8t5xzbuaef77jtcwq996ulc5n8rx8tdaosg9lfd6t5wuk:latest/predictions_table.table.json", "_latest_artifact_path": "wandb-client-artifact://2lphrxpq7d4dfyluye8p3uhrbaz79n8wt04ltvgd553goha4af3x2hj8mbyw7qaxljbhklpe3l3q0rsp67b8t5xzbuaef77jtcwq996ulc5n8rx8tdaosg9lfd6t5wuk:latest/predictions_table.table.json", "path": "media/table/predictions_table_4_093625f0e706225cb695.table.json", "ncols": 3, "nrows": 400}, "_wandb": {"runtime": 39}}