{"train_loss": 0.10569266974925995, "val_loss": 0.15595756508409978, "accuracy": 0.955, "_timestamp": 1666068188.311605, "_runtime": 49.652925968170166, "_step": 4, "predictions_table": {"_type": "table-file", "sha256": "1a90f4e66863e0e6c621f95680963823d14aeca7802df65dae5657487187d54b", "size": 5155, "artifact_path": "wandb-client-artifact://19pz275xsitzr1yaydpddc3fvtxemt85sgq28y5e6kopyeqsmz0fix51gnog4gfgzub8u1t0wddr9ebxb83bdozf89g2zau9lrqg6y0rud4oua5we3uqgapy725393lc:latest/predictions_table.table.json", "_latest_artifact_path": "wandb-client-artifact://19pz275xsitzr1yaydpddc3fvtxemt85sgq28y5e6kopyeqsmz0fix51gnog4gfgzub8u1t0wddr9ebxb83bdozf89g2zau9lrqg6y0rud4oua5we3uqgapy725393lc:latest/predictions_table.table.json", "path": "media/table/predictions_table_4_1a90f4e66863e0e6c621.table.json", "ncols": 3, "nrows": 300}, "_wandb": {"runtime": 49}}